"species_id","Year","Production","Group","PelDemID","PISCZOOPL","Linf_cm","MaxAge_yr","IsDetritus","Classification","isHub","Class_Code","biomass_tonnes","catch_tonnes","landings_tonnes","consumption","MaxAllow","MaxGreenBand","MinGreenBand","RealMax","RealMin","catch","DistortScore","RefM","RefB","RefBo","Rel_B","Min_B","Max_B","B_Score"
"1",1995,0.0002595645936584,"Toothed whale","TEP","TEP",380,35,0,"Vulnerable",0,1,48102.812,0,0,13.00376,0.0001297822968292,1.3382401317711e-06,1.3382401317711e-08,1.3382401317711e-06,1.3382401317711e-08,0,"L",0.02027426,0.016724159,61879.3883,0.777364051609411,0.5,0.7,"L"
"1",2000,0.0002605581119,"Toothed whale","TEP","TEP",380,35,0,"Vulnerable",0,1,48101.036,0,0,12.99439,0.00013027905595,1.34664068819738e-06,1.34664068819738e-08,1.34664068819738e-06,1.34664068819738e-08,0,"L",0.02027426,0.016724159,61879.3883,0.777335350614641,0.5,0.7,"L"
"1",1999,0.0002604959834425,"Toothed whale","TEP","TEP",380,35,0,"Vulnerable",0,1,48103.367,0,0,12.99437,0.00013024799172125,1.34611476955415e-06,1.34611476955415e-08,1.34611476955415e-06,1.34611476955415e-08,0,"L",0.02027426,0.016724159,61879.3883,0.777373020670277,0.5,0.7,"L"
"1",1998,0.00026020311863,"Toothed whale","TEP","TEP",380,35,0,"Vulnerable",0,1,48105.106,0,0,12.99473,0.000130101559315,1.34363674077249e-06,1.34363674077249e-08,1.34363674077249e-06,1.34363674077249e-08,0,"L",0.02027426,0.016724159,61879.3883,0.777401123727656,0.5,0.7,"L"
"1",1996,0.0002596972195685,"Toothed whale","TEP","TEP",380,35,0,"Vulnerable",0,1,48104.477,0,0,13.00198,0.00012984860978425,1.33936034745848e-06,1.33936034745848e-08,1.33936034745848e-06,1.33936034745848e-08,0,"L",0.02027426,0.016724159,61879.3883,0.777390958792009,0.5,0.7,"L"
"1",1997,0.0002598890442612,"Toothed whale","TEP","TEP",380,35,0,"Vulnerable",0,1,48105.402,0,0,12.99902,0.0001299445221306,1.34098122743373e-06,1.34098122743373e-08,1.34098122743373e-06,1.34098122743373e-08,0,"L",0.02027426,0.016724159,61879.3883,0.777405907226785,0.5,0.7,"L"
"10",1996,0.27523700138608,"Warehous","Demersal","Piscivorous",76,15,0,"Target",0,5,3232700.36,255235.361,243614.4565,2.449482,0.13761850069304,0.120848083493885,0.00120848083493885,0.120848083493885,0.00120848083493885,0.06898253,"A",0.3280606,2.72592282,10085914.434,0.320516338023099,0.4,0.5,"F"
"10",1997,0.28256992917962,"Warehous","Demersal","Piscivorous",76,15,0,"Target",0,5,3128295.98,258723.24,249192.7948,2.503857,0.14128496458981,0.126166569386964,0.00126166569386964,0.126166569386964,0.00126166569386964,0.0699252,"A",0.3280606,2.72592282,10085914.434,0.310164834380747,0.4,0.5,"F"
"10",1998,0.27630116325224,"Warehous","Demersal","Piscivorous",76,15,0,"Target",0,5,3014506.18,214328.457,207539.068,2.566399,0.13815058162612,0.12161436722189,0.0012161436722189,0.12161436722189,0.0012161436722189,0.05792661,"A",0.3280606,2.72592282,10085914.434,0.298882783482476,0.4,0.5,"F"
"10",2000,0.2861336858886,"Warehous","Demersal","Piscivorous",76,15,0,"Target",0,5,2729424.51,225921.63,218117.6973,2.730325,0.1430668429443,0.12878343495295,0.0012878343495295,0.12878343495295,0.0012878343495295,0.0610599,"A",0.3280606,2.72592282,10085914.434,0.270617456439944,0.4,0.5,"F"
"10",1999,0.2805190081252,"Warehous","Demersal","Piscivorous",76,15,0,"Target",0,5,2889509.08,210750.668,203737.4031,2.636814,0.1402595040626,0.124670080125444,0.00124670080125444,0.124670080125444,0.00124670080125444,0.05695964,"A",0.3280606,2.72592282,10085914.434,0.286489549252902,0.4,0.5,"F"
"10",1995,0.26436632032042,"Warehous","Demersal","Piscivorous",76,15,0,"Target",0,5,3296734.78,246010.521,235491.2323,2.416724,0.13218316016021,0.11312891833337,0.0011312891833337,0.11312891833337,0.0011312891833337,0.06648933,"A",0.3280606,2.72592282,10085914.434,0.326865233844001,0.4,0.5,"F"
"11",1996,1.146491109525,"Redbait","Demersal","Planktivorous",50,10,0,"Byproduct",0,3,8123590.5,73.63,73.704,4.206979,0.5732455547625,1.25097661811646,0.0125097661811646,0.5732455547625,0.0125097661811646,1.99e-05,"L",0.4602935,3.6852075,13635267.75,0.59577784968689,0.35,0.6,"A"
"11",2000,1.1406542550128,"Redbait","Demersal","Planktivorous",50,10,0,"Byproduct",0,3,7472016.8,69.56,69.523,4.559254,0.5703271275064,1.24056148215598,0.0124056148215598,0.5703271275064,0.0124056148215598,1.88e-05,"L",0.4602935,3.6852075,13635267.75,0.547991938038767,0.35,0.6,"A"
"11",1997,1.1496170802177,"Redbait","Demersal","Planktivorous",50,10,0,"Byproduct",0,3,7956986.9,74,74.074,4.289269,0.57480854010885,1.25656845827871,0.0125656845827871,0.57480854010885,0.0125656845827871,2e-05,"L",0.4602935,3.6852075,13635267.75,0.583559270407433,0.35,0.6,"A"
"11",1995,1.136509559898,"Redbait","Demersal","Planktivorous",50,10,0,"Byproduct",0,3,8262821.5,72.52,72.372,4.142887,0.568254779949,1.23318640036844,0.0123318640036844,0.568254779949,0.0123318640036844,1.96e-05,"L",0.4602935,3.6852075,13635267.75,0.605988943634789,0.35,0.6,"L"
"11",1999,1.1437006723835,"Redbait","Demersal","Planktivorous",50,10,0,"Byproduct",0,3,7625348.5,65.86,65.823,4.466912,0.57185033619175,1.24599320121525,0.0124599320121525,0.57185033619175,0.0124599320121525,1.78e-05,"L",0.4602935,3.6852075,13635267.75,0.559237166428213,0.35,0.6,"A"
"11",1998,1.14698916243,"Redbait","Demersal","Planktivorous",50,10,0,"Byproduct",0,3,7786206,67.34,67.525,4.378333,0.573494581215,1.25186690105902,0.0125186690105902,0.573494581215,0.0125186690105902,1.82e-05,"L",0.4602935,3.6852075,13635267.75,0.571034331174025,0.35,0.6,"A"
"12",2000,0.23795382809256,"Redfish","Demersal","Planktivorous",51,40,0,"Target",0,5,10843101.6,165583.029,84376.8239,3.433821,0.11897691404628,0.0952127339939228,0.000952127339939228,0.0952127339939228,0.000952127339939228,0.04475217,"A",0.08884069,8.15247,30164139,0.359469952051342,0.4,0.5,"F"
"12",1998,0.2301933870355,"Redfish","Demersal","Planktivorous",51,40,0,"Target",0,5,10920809,144979.246,73879.454,3.417505,0.11509669351775,0.0901795527416042,0.000901795527416042,0.0901795527416042,0.000901795527416042,0.03918358,"A",0.08884069,8.15247,30164139,0.362046103818843,0.4,0.5,"F"
"12",1996,0.2312149252287,"Redfish","Demersal","Planktivorous",51,40,0,"Target",0,5,10994050.5,160517.914,81789.0809,3.40423,0.11560746261435,0.0908359968895896,0.000908359968895896,0.0908359968895896,0.000908359968895896,0.04338322,"A",0.08884069,8.15247,30164139,0.364474202296973,0.4,0.5,"F"
"12",1999,0.23112684012177,"Redfish","Demersal","Planktivorous",51,40,0,"Target",0,5,10890087.9,143160.141,72952.974,3.424614,0.115563420060885,0.0907793200375634,0.000907793200375634,0.0907793200375634,0.000907793200375634,0.03869193,"A",0.08884069,8.15247,30164139,0.361027639476134,0.4,0.5,"F"
"12",1997,0.23466515488415,"Redfish","Demersal","Planktivorous",51,40,0,"Target",0,5,10956369.7,167063.658,85133.6774,3.41034,0.117332577442075,0.0930668077456074,0.000930668077456074,0.0930668077456074,0.000930668077456074,0.04515234,"A",0.08884069,8.15247,30164139,0.363225010334291,0.4,0.5,"F"
"12",1995,0.2261195564676,"Redfish","Demersal","Planktivorous",51,40,0,"Target",0,5,11015196,149856.771,76357.6178,3.401113,0.1130597782338,0.0875801830608137,0.000875801830608138,0.0875801830608137,0.000875801830608138,0.04050183,"A",0.08884069,8.15247,30164139,0.365175216836125,0.4,0.5,"F"
"13",1996,0.10814562964384,"Ling","Demersal","Piscivorous",200,30,0,"Target",0,5,1619510.72,69705.188,65482.2633,2.423926,0.05407281482192,0.0261641541168958,0.000261641541168958,0.0261641541168958,0.000261641541168958,0.01883924,"A",0.3360603,1.27808895,4728929.115,0.342468808606788,0.4,0.5,"F"
"13",1999,0.10909749174464,"Ling","Demersal","Piscivorous",200,30,0,"Target",0,5,1515224.74,57336.976,55645.0363,2.53608,0.05454874587232,0.0265424242431733,0.000265424242431733,0.0265424242431733,0.000265424242431733,0.01549648,"A",0.3360603,1.27808895,4728929.115,0.320416039900822,0.4,0.5,"F"
"13",1997,0.11128861552443,"Ling","Demersal","Piscivorous",200,30,0,"Target",0,5,1587950.83,75757.204,73095.1946,2.455945,0.055644307762215,0.0274211908561347,0.000274211908561347,0.0274211908561347,0.000274211908561347,0.02047492,"A",0.3360603,1.27808895,4728929.115,0.33579501645797,0.4,0.5,"F"
"13",2000,0.11292099768276,"Ling","Demersal","Piscivorous",200,30,0,"Target",0,5,1470351.88,68144.602,66083.3246,2.58936,0.05646049884138,0.0280830950179851,0.000280830950179851,0.0280830950179851,0.000280830950179851,0.01841746,"A",0.3360603,1.27808895,4728929.115,0.31092702898339,0.4,0.5,"F"
"13",1998,0.11022644285175,"Ling","Demersal","Piscivorous",200,30,0,"Target",0,5,1550953.05,67065.016,65675.7474,2.495945,0.055113221425875,0.0269938063477966,0.000269938063477966,0.0269938063477966,0.000269938063477966,0.01812568,"A",0.3360603,1.27808895,4728929.115,0.327971304344662,0.4,0.5,"F"
"13",1995,0.10495764708462,"Ling","Demersal","Piscivorous",200,30,0,"Target",0,5,1637499.38,65863.256,62283.3062,2.407344,0.05247882354231,0.0249127157746064,0.000249127157746064,0.0249127157746064,0.000249127157746064,0.01780088,"A",0.3360603,1.27808895,4728929.115,0.346272769199671,0.4,0.5,"F"
"14",1998,0.11531341759004,"Dories","Demersal","Piscivorous",51,12,0,"Target",0,5,1374945.16,41711.358,28292.9084,2.851528,0.05765670879502,0.0290642542462973,0.000290642542462973,0.0290642542462973,0.000290642542462973,0.01127334,"A",0.3920872,0.8357426,3092247.62,0.44464264475689,0.4,0.5,"A"
"14",1996,0.11631622778322,"Dories","Demersal","Piscivorous",51,12,0,"Target",0,5,1420878.07,48053.232,32321.0355,2.812293,0.05815811389161,0.0294794126652543,0.000294794126652543,0.0294794126652543,0.000294794126652543,0.01298736,"A",0.3920872,0.8357426,3092247.62,0.459496859439737,0.4,0.5,"A"
"14",1995,0.1143492085671,"Dories","Demersal","Piscivorous",51,12,0,"Target",0,5,1435640.7,45069.848,30332.2152,2.802597,0.05717460428355,0.0286672425650752,0.000286672425650752,0.0286672425650752,0.000286672425650752,0.01218104,"A",0.3920872,0.8357426,3092247.62,0.464270937008596,0.4,0.5,"A"
"14",1999,0.1151426914564,"Dories","Demersal","Piscivorous",51,12,0,"Target",0,5,1350168.85,40196.504,27333.2098,2.875289,0.0575713457282,0.028993803103249,0.00028993803103249,0.028993803103249,0.00028993803103249,0.01086392,"A",0.3920872,0.8357426,3092247.62,0.436630249552913,0.4,0.5,"A"
"14",1997,0.11683768381804,"Dories","Demersal","Piscivorous",51,12,0,"Target",0,5,1398654.76,48233.644,32679.7912,2.830853,0.05841884190902,0.0296961982603221,0.000296961982603221,0.0296961982603221,0.000296961982603221,0.01303612,"A",0.3920872,0.8357426,3092247.62,0.452310077289347,0.4,0.5,"A"
"14",2000,0.116376683245,"Dories","Demersal","Piscivorous",51,12,0,"Target",0,5,1318865,46068.182,31058.6769,2.911367,0.0581883416225,0.0295045141813663,0.000295045141813663,0.0295045141813663,0.000295045141813663,0.01245086,"A",0.3920872,0.8357426,3092247.62,0.426506917321194,0.4,0.5,"A"
"15",1999,2.832992434848,"Jack mackerel","Pelagic","Piscivorous",47,16,0,"Target",0,5,21016888,77134.27,32848.6407,3.395254,1.416496217424,5.50526196444715,0.0550526196444715,1.416496217424,0.0550526196444715,0.0208471,"L",0.50541,8.587306,31773032.2,0.66146938283089,0.4,0.5,"L"
"15",1996,2.8640468896858,"Jack mackerel","Pelagic","Piscivorous",47,16,0,"Target",0,5,21875165.9,77309.095,26441.347,3.32594,1.4320234448429,5.60445572921785,0.0560445572921785,1.4320234448429,0.0560445572921785,0.02089435,"L",0.50541,8.587306,31773032.2,0.688482161925987,0.4,0.5,"L"
"15",2000,2.8155819448152,"Jack mackerel","Pelagic","Piscivorous",47,16,0,"Target",0,5,20697222.8,82302.023,31793.9187,3.421515,1.4077909724076,5.44995184660984,0.0544995184660984,1.4077909724076,0.0544995184660984,0.02224379,"L",0.50541,8.587306,31773032.2,0.651408485967543,0.4,0.5,"L"
"15",1998,2.8475914087463,"Jack mackerel","Pelagic","Piscivorous",47,16,0,"Target",0,5,21318278.9,71985.276,26679.9563,3.370859,1.42379570437315,5.55180789309729,0.0555180789309729,1.42379570437315,0.0555180789309729,0.01945548,"L",0.50541,8.587306,31773032.2,0.670955128418622,0.4,0.5,"L"
"15",1997,2.8638862688744,"Jack mackerel","Pelagic","Piscivorous",47,16,0,"Target",0,5,21611463.2,84489.5,31826.2974,3.347164,1.4319431344372,5.60394090228075,0.0560394090228075,1.4319431344372,0.0560394090228075,0.022835,"L",0.50541,8.587306,31773032.2,0.68018258578418,0.4,0.5,"L"
"15",1995,2.853860623152,"Jack mackerel","Pelagic","Piscivorous",47,16,0,"Target",0,5,22072424,77180.853,29285.6406,3.310159,1.426930311576,5.57184285845238,0.0557184285845238,1.426930311576,0.0557184285845238,0.02085969,"L",0.50541,8.587306,31773032.2,0.694690511785652,0.4,0.5,"L"
"16",1997,0.15091137826352,"Jackass morwong","Demersal","Piscivorous",70,50,0,"Target",0,5,3353038.42,67761.615,65027.4593,2.931885,0.07545568913176,0.045159238734783,0.00045159238734783,0.045159238734783,0.00045159238734783,0.01831395,"A",0.2038605,3.147265,11644880.5,0.287940990034204,0.4,0.5,"F"
"16",1999,0.1526408759064,"Jackass morwong","Demersal","Piscivorous",70,50,0,"Target",0,5,3240582.1,56749.342,54442.0775,2.976137,0.0763204379532,0.0460100654950459,0.000460100654950459,0.0460100654950459,0.000460100654950459,0.01533766,"A",0.2038605,3.147265,11644880.5,0.278283843273445,0.4,0.5,"F"
"16",1998,0.15098324030192,"Jackass morwong","Demersal","Piscivorous",70,50,0,"Target",0,5,3300925.03,59009.672,56349.1204,2.952425,0.07549162015096,0.0451944680351394,0.000451944680351394,0.0451944680351394,0.000451944680351394,0.01594856,"A",0.2038605,3.147265,11644880.5,0.28346577107425,0.4,0.5,"F"
"16",1996,0.14760945960348,"Jackass morwong","Demersal","Piscivorous",70,50,0,"Target",0,5,3395633.19,65505.984,62791.9859,2.915181,0.07380472980174,0.04355209428284,0.0004355209428284,0.04355209428284,0.0004355209428284,0.01770432,"A",0.2038605,3.147265,11644880.5,0.291598800863607,0.4,0.5,"F"
"16",1995,0.14344522456508,"Jackass morwong","Demersal","Piscivorous",70,50,0,"Target",0,5,3421838.44,61629.716,59017.2237,2.905108,0.07172261228254,0.0415577305752892,0.000415577305752892,0.0415577305752892,0.000415577305752892,0.01665668,"A",0.2038605,3.147265,11644880.5,0.29384916745174,0.4,0.5,"F"
"16",2000,0.15626203964388,"Jackass morwong","Demersal","Piscivorous",70,50,0,"Target",0,5,3164028.36,64725.876,61700.6154,3.006127,0.07813101982194,0.047811460964806,0.00047811460964806,0.047811460964806,0.00047811460964806,0.01749348,"A",0.2038605,3.147265,11644880.5,0.271709817889501,0.4,0.5,"F"
"17",1998,0.1713375130341,"Flathead","Demersal","Piscivorous",65,14,0,"Target",0,5,2104571.1,269739.657,239512.0149,3.613378,0.08566875651705,0.0555968681114696,0.000555968681114696,0.0555968681114696,0.000555968681114696,0.07290261,"F",0.1314458,2.048874,7580833.8,0.277617364464579,0.4,0.5,"F"
"17",1999,0.16894322856684,"Flathead","Demersal","Piscivorous",65,14,0,"Target",0,5,2059459.22,257483.629,229648.52382,3.655762,0.08447161428342,0.0543299634821046,0.000543299634821046,0.0543299634821046,0.000543299634821046,0.06959017,"F",0.1314458,2.048874,7580833.8,0.271666583694263,0.4,0.5,"F"
"17",1997,0.17495173483305,"Flathead","Demersal","Piscivorous",65,14,0,"Target",0,5,2154402.33,287225.783,256407.8725,3.568934,0.087475867416525,0.0575307583740081,0.000575307583740081,0.0575307583740081,0.000575307583740081,0.07762859,"F",0.1314458,2.048874,7580833.8,0.284190682296715,0.4,0.5,"F"
"17",1996,0.1728127958742,"Flathead","Demersal","Piscivorous",65,14,0,"Target",0,5,2201818.2,285934.594,253191,3.529145,0.0864063979371,0.0563831478278627,0.000563831478278627,0.0563831478278627,0.000563831478278627,0.07727962,"F",0.1314458,2.048874,7580833.8,0.290445386099877,0.4,0.5,"F"
"17",1995,0.16509893336431,"Flathead","Demersal","Piscivorous",65,14,0,"Target",0,5,2227577.23,269167.637,237045.7318,3.507702,0.082549466682155,0.0523196837408578,0.000523196837408578,0.0523196837408578,0.000523196837408578,0.07274801,"F",0.1314458,2.048874,7580833.8,0.293843301247417,0.4,0.5,"F"
"17",2000,0.17092323787798,"Flathead","Demersal","Piscivorous",65,14,0,"Target",0,5,2007887.14,264091.089,232876.1796,3.705315,0.08546161893899,0.0553768464426394,0.000553768464426394,0.0553768464426394,0.000553768464426394,0.07137597,"F",0.1314458,2.048874,7580833.8,0.264863627533953,0.4,0.5,"F"
"18",2000,0.058366954987526,"Gemfish","Demersal","Piscivorous",135,17,0,"Target",0,5,361075.489,11513.3825,6191.6318,2.406673,0.029183477493763,0.00952755810621985,9.52755810621985e-05,0.00952755810621985,9.52755810621985e-05,0.003111725,"A",0.7356771,1.220158558,4514586.6646,0.0799797447308483,0.4,0.5,"F"
"18",1995,0.06032750663925,"Gemfish","Demersal","Piscivorous",135,17,0,"Target",0,5,480229.29,13626.7226,7399.4561,2.117352,0.030163753319625,0.0100573644055778,0.000100573644055778,0.0100573644055778,0.000100573644055778,0.003682898,"A",0.7356771,1.220158558,4514586.6646,0.106372814540387,0.4,0.5,"F"
"18",1998,0.06086618417692,"Gemfish","Demersal","Piscivorous",135,17,0,"Target",0,5,420533.86,11698.4676,6342.2292,2.252435,0.03043309208846,0.0102048825848832,0.000102048825848832,0.0102048825848832,0.000102048825848832,0.003161748,"A",0.7356771,1.220158558,4514586.6646,0.0931500248511145,0.4,0.5,"F"
"18",1997,0.06174913100235,"Gemfish","Demersal","Piscivorous",135,17,0,"Target",0,5,445319.05,14056.1853,7660.1914,2.194288,0.030874565501175,0.0104484852152298,0.000104484852152298,0.0104484852152298,0.000104484852152298,0.003798969,"A",0.7356771,1.220158558,4514586.6646,0.0986400490418886,0.4,0.5,"F"
"18",1996,0.06150207246144,"Gemfish","Demersal","Piscivorous",135,17,0,"Target",0,5,466007.23,14184.3755,7712.6426,2.148131,0.03075103623072,0.0103800969904023,0.000103800969904023,0.0103800969904023,0.000103800969904023,0.003833615,"A",0.7356771,1.220158558,4514586.6646,0.103222568226252,0.4,0.5,"F"
"18",1999,0.05980651072088,"Gemfish","Demersal","Piscivorous",135,17,0,"Target",0,5,392528.56,10664.1844,5799.861,2.322801,0.02990325536044,0.00991548555057049,9.91548555057049e-05,0.00991548555057049,9.91548555057049e-05,0.002882212,"A",0.7356771,1.220158558,4514586.6646,0.0869467327048818,0.4,0.5,"F"
"19",2000,0.057432035483,"ShOceanPerch","Demersal","Piscivorous",47,42,0,"Byproduct",0,3,684374.2,29672.5792,14866.5334,2.840755,0.0287160177415,0.00927885939423143,9.27885939423143e-05,0.00927885939423143,9.27885939423143e-05,0.008019616,"A",0.229571,0.4542549,1680743.13,0.407185481103231,0.35,0.6,"A"
"19",1998,0.05542690665215,"ShOceanPerch","Demersal","Piscivorous",47,42,0,"Byproduct",0,3,711749.39,27426.5349,14121.7234,2.725542,0.027713453326075,0.00875415860583581,8.75415860583581e-05,0.00875415860583581,8.75415860583581e-05,0.007412577,"A",0.229571,0.4542549,1680743.13,0.423473032431791,0.35,0.6,"A"
"19",1997,0.05572413998886,"ShOceanPerch","Demersal","Piscivorous",47,42,0,"Byproduct",0,3,723331.13,31333.6054,15744.7173,2.679398,0.02786206999443,0.0088311863193661,8.8311863193661e-05,0.0088311863193661,8.8311863193661e-05,0.008468542,"A",0.229571,0.4542549,1680743.13,0.430363877197582,0.35,0.6,"A"
"19",1996,0.05488949342754,"ShOceanPerch","Demersal","Piscivorous",47,42,0,"Byproduct",0,3,734341.59,30908.6752,15537.3878,2.638295,0.02744474671377,0.00861555673749473,8.61555673749473e-05,0.00861555673749473,8.61555673749473e-05,0.008353696,"A",0.229571,0.4542549,1680743.13,0.436914824694241,0.35,0.6,"A"
"19",1999,0.05585194127326,"ShOceanPerch","Demersal","Piscivorous",47,42,0,"Byproduct",0,3,699941.21,25906.3788,12964.1895,2.77476,0.02792597063663,0.00886438664330881,8.86438664330881e-05,0.00886438664330881,8.86438664330881e-05,0.007001724,"A",0.229571,0.4542549,1680743.13,0.41644746154637,0.35,0.6,"A"
"19",1995,0.053492320152,"ShOceanPerch","Demersal","Piscivorous",47,42,0,"Byproduct",0,3,741445.96,29024.9127,14602.7789,2.612763,0.026746160076,0.0082592644314108,8.2592644314108e-05,0.0082592644314108,8.2592644314108e-05,0.007844571,"A",0.229571,0.4542549,1680743.13,0.441141746627279,0.35,0.6,"A"
"2",1995,0.00011998689993388,"Baleen whale","TEP","TEP",1800,70,0,"Vulnerable",0,1,22200.1073,0,0,11.19995,5.999344996694e-05,3.78112659422402e-07,3.78112659422402e-09,3.78112659422402e-07,3.78112659422402e-09,0,"L",0.02041281,0.006559504,24270.1648,0.914707727901378,0.5,0.7,"L"
"2",2000,0.00012003391910356,"Baleen whale","TEP","TEP",1800,70,0,"Vulnerable",0,1,22199.4598,0,0,11.19941,6.001695955178e-05,3.78355393371649e-07,3.78355393371649e-09,3.78355393371649e-07,3.78355393371649e-09,0,"L",0.02041281,0.006559504,24270.1648,0.914681049054929,0.5,0.7,"L"
"2",1999,0.000120038379327,"Baleen whale","TEP","TEP",1800,70,0,"Vulnerable",0,1,22199.63,0,0,11.19924,6.00191896635e-05,3.78378422187345e-07,3.78378422187345e-09,3.78378422187345e-07,3.78378422187345e-09,0,"L",0.02041281,0.006559504,24270.1648,0.914688061780281,0.5,0.7,"L"
"2",1997,0.00012002874001434,"Baleen whale","TEP","TEP",1800,70,0,"Vulnerable",0,1,22200.0111,0,0,11.19893,6.001437000717e-05,3.78328653627007e-07,3.78328653627007e-09,3.78328653627007e-07,3.78328653627007e-09,0,"L",0.02041281,0.006559504,24270.1648,0.914703764187048,0.5,0.7,"L"
"2",1996,0.000120007200033,"Baleen whale","TEP","TEP",1800,70,0,"Vulnerable",0,1,22200.111,0,0,11.19944,6.00036000165e-05,3.78217450155611e-07,3.78217450155611e-09,3.78217450155611e-07,3.78217450155611e-09,0,"L",0.02041281,0.006559504,24270.1648,0.914707880351929,0.5,0.7,"L"
"2",1998,0.00012004483964139,"Baleen whale","TEP","TEP",1800,70,0,"Vulnerable",0,1,22199.8261,0,0,11.19907,6.0022419820695e-05,3.78411778746506e-07,3.78411778746506e-09,3.78411778746506e-07,3.78411778746506e-09,0,"L",0.02041281,0.006559504,24270.1648,0.914696141659491,0.5,0.7,"L"
"20",2000,0.0019425546591984,"Chinaman leatherjacket","Demersal","Piscivorous",100,9,0,"Byproduct",0,3,18068.7132,1980.5619,1932.8393,2.407278,0.0009712773295992,3.61705722543698e-05,3.61705722543698e-07,3.61705722543698e-05,3.61705722543698e-07,0.000535287,"F",0.2936434,0.014507328,53677.1136,0.336618569594621,0.35,0.6,"F"
"20",1998,0.0018811931604208,"Chinaman leatherjacket","Demersal","Piscivorous",100,9,0,"Byproduct",0,3,18466.4003,1788.1693,1746.4851,2.364961,0.0009405965802104,3.43179940491452e-05,3.43179940491452e-07,3.43179940491452e-05,3.43179940491452e-07,0.000483289,"F",0.2936434,0.014507328,53677.1136,0.344027445991433,0.35,0.6,"F"
"20",1997,0.001951000634616,"Chinaman leatherjacket","Demersal","Piscivorous",100,9,0,"Byproduct",0,3,18692.696,2056.4045,2008.5709,2.343691,0.000975500317308,3.64285293412267e-05,3.64285293412267e-07,3.64285293412267e-05,3.64285293412267e-07,0.000555785,"F",0.2936434,0.014507328,53677.1136,0.34824331537827,0.35,0.6,"F"
"20",1996,0.001933639493181,"Chinaman leatherjacket","Demersal","Piscivorous",100,9,0,"Byproduct",0,3,19003.9289,1995.6764,1948.5088,2.318927,0.0009668197465905,3.5899060378804e-05,3.5899060378804e-07,3.5899060378804e-05,3.5899060378804e-07,0.000539372,"F",0.2936434,0.014507328,53677.1136,0.354041557480468,0.35,0.6,"A"
"20",1995,0.001887387331392,"Chinaman leatherjacket","Demersal","Piscivorous",100,9,0,"Byproduct",0,3,19174.7616,1873.7947,1829.0765,2.305405,0.000943693665696,3.45032795079386e-05,3.45032795079386e-07,3.45032795079386e-05,3.45032795079386e-07,0.000506431,"F",0.2936434,0.014507328,53677.1136,0.357224155957596,0.35,0.6,"A"
"20",1999,0.001883013714426,"Chinaman leatherjacket","Demersal","Piscivorous",100,9,0,"Byproduct",0,3,18336.6339,1756.9561,1716.6372,2.380717,0.000941506857213,3.43724117269839e-05,3.43724117269839e-07,3.43724117269839e-05,3.43724117269839e-07,0.000474853,"F",0.2936434,0.014507328,53677.1136,0.341609909143848,0.35,0.6,"F"
"21",1998,3.6099185291565,"Cucumberfish","Demersal","Piscivorous",21,5,0,"Byproduct",0,3,25876775.1,7766.2926,0,4.696576,1.80495926457825,8.18805482977987,0.0818805482977987,1.80495926457825,0.0818805482977987,0.002098998,"L",0.5089895,15.610058,57757214.6,0.448026714570823,0.35,0.6,"A"
"21",1996,3.6110624333718,"Cucumberfish","Demersal","Piscivorous",21,5,0,"Byproduct",0,3,25753931.4,7667.1881,0,4.70035,1.8055312166859,8.19230523949689,0.0819230523949689,1.8055312166859,0.0819230523949689,0.002072213,"L",0.5089895,15.610058,57757214.6,0.445899816643859,0.35,0.6,"A"
"21",2000,3.6198449783496,"Cucumberfish","Demersal","Piscivorous",21,5,0,"Byproduct",0,3,26096943.6,7758.5337,0,4.68499,1.8099224891748,8.22496719064803,0.0822496719064803,1.8099224891748,0.0822496719064803,0.002096901,"L",0.5089895,15.610058,57757214.6,0.451838679907531,0.35,0.6,"A"
"21",1999,3.6139875653432,"Cucumberfish","Demersal","Piscivorous",21,5,0,"Byproduct",0,3,25976393.9,7599.2894,0,4.691448,1.8069937826716,8.20317807177551,0.0820317807177551,1.8069937826716,0.0820317807177551,0.002053862,"L",0.5089895,15.610058,57757214.6,0.449751499962396,0.35,0.6,"A"
"21",1997,3.609088289978,"Cucumberfish","Demersal","Piscivorous",21,5,0,"Byproduct",0,3,25800943.6,7951.189,0,4.699423,1.804544144989,8.18497044466899,0.0818497044466899,1.804544144989,0.0818497044466899,0.00214897,"L",0.5089895,15.610058,57757214.6,0.446713779026317,0.35,0.6,"A"
"21",1995,3.613279218912,"Cucumberfish","Demersal","Piscivorous",21,5,0,"Byproduct",0,3,25731842.4,7005.8723,0,4.7004,1.806639609456,8.20054460443148,0.0820054460443148,1.806639609456,0.0820054460443148,0.001893479,"L",0.5089895,15.610058,57757214.6,0.445517370915598,0.35,0.6,"A"
"22",2000,3.1175713657301,"Whiting","Pelagic","Piscivorous",32,11,0,"Hub",1,7,19426727.9,71938.767,68272.4999,5.373289,1.55878568286505,6.43978353829815,0.0643978353829815,1.55878568286505,0.0643978353829815,0.01944291,"L",0.6095192,10.180008,37666029.6,0.515762561286789,0.6,0.7,"F"
"22",1997,3.1216032182556,"Whiting","Pelagic","Piscivorous",32,11,0,"Hub",1,7,19311202.8,81751.648,77693.2697,5.394545,1.5608016091278,6.4534310195308,0.064534310195308,1.5608016091278,0.064534310195308,0.02209504,"L",0.6095192,10.180008,37666029.6,0.512695471359158,0.6,0.7,"F"
"22",1996,3.1232253516464,"Whiting","Pelagic","Piscivorous",32,11,0,"Hub",1,7,19291563.2,78369.404,74463.203,5.3971,1.5616126758232,6.45892497854853,0.0645892497854853,1.5616126758232,0.0645892497854853,0.02118092,"L",0.6095192,10.180008,37666029.6,0.512174057230603,0.6,0.7,"F"
"22",1999,3.1209357614496,"Whiting","Pelagic","Piscivorous",32,11,0,"Hub",1,7,19374117.6,88813.172,84439.3576,5.383068,1.5604678807248,6.45117095722726,0.0645117095722726,1.5604678807248,0.0645117095722726,0.02400356,"L",0.6095192,10.180008,37666029.6,0.514365804034732,0.6,0.7,"F"
"22",1998,3.1222732553232,"Whiting","Pelagic","Piscivorous",32,11,0,"Hub",1,7,19338686.4,90978.856,86456.0648,5.389821,1.5611366276616,6.45570012892763,0.0645570012892763,1.5611366276616,0.0645570012892763,0.02458888,"L",0.6095192,10.180008,37666029.6,0.513425136797535,0.6,0.7,"F"
"22",1995,3.1224675800304,"Whiting","Pelagic","Piscivorous",32,11,0,"Hub",1,7,19279856.4,69445.226,65967.263,5.398837,1.5612337900152,6.45635827604233,0.0645635827604233,1.5612337900152,0.0645635827604233,0.01876898,"L",0.6095192,10.180008,37666029.6,0.511863251973869,0.6,0.7,"F"
"23",1997,7.3210450069995,"Cardinal","Demersal","Piscivorous",15,15,0,"Byproduct",0,3,35338230.1,1361.2596,0,6.393235,3.66052250349975,26.0717810150217,0.260717810150217,3.66052250349975,0.260717810150217,0.000367908,"L",0.6937217,25.31798,93676526,0.377236770074074,0.35,0.6,"A"
"23",2000,7.3383289082128,"Cardinal","Demersal","Piscivorous",15,15,0,"Byproduct",0,3,35734237.4,1944.424,0,6.355405,3.6691644541064,26.1726784560893,0.261726784560893,3.6691644541064,0.261726784560893,0.00052552,"L",0.6937217,25.31798,93676526,0.381464161042864,0.35,0.6,"A"
"23",1999,7.3318029412585,"Cardinal","Demersal","Piscivorous",15,15,0,"Byproduct",0,3,35580609.7,1216.7524,0,6.370461,3.66590147062925,26.1345642805248,0.261345642805248,3.66590147062925,0.261345642805248,0.000328852,"L",0.6937217,25.31798,93676526,0.379824180286105,0.35,0.6,"A"
"23",1998,7.3241142424362,"Cardinal","Demersal","Piscivorous",15,15,0,"Byproduct",0,3,35448926.7,1573.3473,0,6.383249,3.6620571212181,26.0896870652387,0.260896870652387,3.6620571212181,0.260896870652387,0.000425229,"L",0.6937217,25.31798,93676526,0.378418459924528,0.35,0.6,"A"
"23",1996,7.3239900984747,"Cardinal","Demersal","Piscivorous",15,15,0,"Byproduct",0,3,35265465.9,1370.2802,0,6.39876,3.66199504923735,26.0889627111613,0.260889627111613,3.66199504923735,0.260889627111613,0.000370346,"L",0.6937217,25.31798,93676526,0.376460009842807,0.35,0.6,"A"
"23",1995,7.327545344208,"Cardinal","Demersal","Piscivorous",15,15,0,"Byproduct",0,3,35231733,1351.8875,0,6.400324,3.663772672104,26.1097099270657,0.261097099270657,3.663772672104,0.261097099270657,0.000365375,"L",0.6937217,25.31798,93676526,0.376099910024417,0.35,0.6,"A"
"24",1996,4.1455110256891,"ShSmInvertFeeder","Demersal","Planktivorous",78,55,0,"Hub",1,7,23334238.7,103339.372,2177.5906,4.689485,2.07275551284455,10.2705307246752,0.102705307246752,2.07275551284455,0.102705307246752,0.02792956,"L",0.6427396,13.099399,48467776.3,0.481438194225552,0.6,0.7,"F"
"24",2000,4.123909050544,"ShSmInvertFeeder","Demersal","Planktivorous",78,55,0,"Hub",1,7,22849646,100017.364,2134.44416,4.755513,2.061954525272,10.1830123602761,0.101830123602761,2.061954525272,0.101830123602761,0.02703172,"L",0.6427396,13.099399,48467776.3,0.471439949267902,0.6,0.7,"F"
"24",1999,4.1317700211945,"ShSmInvertFeeder","Demersal","Planktivorous",78,55,0,"Hub",1,7,22978653.9,102071.604,2148.70359,4.738557,2.06588501059725,10.2148265749699,0.102148265749699,2.06588501059725,0.102148265749699,0.02758692,"L",0.6427396,13.099399,48467776.3,0.474101674435598,0.6,0.7,"F"
"24",1998,4.137317522624,"ShSmInvertFeeder","Demersal","Planktivorous",78,55,0,"Hub",1,7,23102622.4,104923.527,2711.00998,4.721825,2.068658761312,10.2373011825668,0.102373011825668,2.068658761312,0.102373011825668,0.02835771,"L",0.6427396,13.099399,48467776.3,0.47665942536753,0.6,0.7,"F"
"24",1995,4.1404881728118,"ShSmInvertFeeder","Demersal","Planktivorous",78,55,0,"Hub",1,7,23424855.4,94784.232,2116.9809,4.677056,2.0702440864059,10.2501550851137,0.102501550851137,2.0702440864059,0.102501550851137,0.02561736,"L",0.6427396,13.099399,48467776.3,0.48330782198481,0.6,0.7,"F"
"24",1997,4.1430818700667,"ShSmInvertFeeder","Demersal","Planktivorous",78,55,0,"Hub",1,7,23221262.9,107536.652,2279.6181,4.705254,2.07154093503335,10.2606746756837,0.102606746756837,2.07154093503335,0.102606746756837,0.02906396,"L",0.6427396,13.099399,48467776.3,0.479107247592046,0.6,0.7,"F"
"25",2000,2.8493182663765,"ShSmPredator","Demersal","Piscivorous",28,18.5,0,"Hub",1,7,18706448.9,3252.8106,1613.5811,4.534087,1.42465913318825,5.55732372709643,0.0555732372709643,1.42465913318825,0.0555732372709643,0.000879138,"L",0.5776227,10.0313197,37115882.89,0.504001183413584,0.6,0.7,"F"
"25",1995,2.847512617344,"ShSmPredator","Demersal","Piscivorous",28,18.5,0,"Hub",1,7,19056243.2,2971.4959,1464.682,4.465377,1.423756308672,5.55155627281223,0.0555155627281223,1.423756308672,0.0555155627281223,0.000803107,"L",0.5776227,10.0313197,37115882.89,0.5134255665284,0.6,0.7,"F"
"25",1996,2.8502652352112,"ShSmPredator","Demersal","Piscivorous",28,18.5,0,"Hub",1,7,19003836.4,3178.3629,1559.9607,4.47395,1.4251326176056,5.56034938872145,0.0556034938872145,1.4251326176056,0.0556034938872145,0.000859017,"L",0.5776227,10.0313197,37115882.89,0.512013588800285,0.6,0.7,"F"
"25",1997,2.8506207797351,"ShSmPredator","Demersal","Piscivorous",28,18.5,0,"Hub",1,7,18938379.7,3289.1298,1624.9475,4.486018,1.42531038986755,5.56148555521738,0.0556148555521738,1.42531038986755,0.0556148555521738,0.000888954,"L",0.5776227,10.0313197,37115882.89,0.510250012269074,0.6,0.7,"F"
"25",1999,2.8505677136718,"ShSmPredator","Demersal","Piscivorous",28,18.5,0,"Hub",1,7,18788418.7,2840.4715,1404.0279,4.516254,1.4252838568359,5.56131597329423,0.0556131597329423,1.4252838568359,0.0556131597329423,0.000767695,"L",0.5776227,10.0313197,37115882.89,0.506209666510778,0.6,0.7,"F"
"25",1998,2.85051833802,"ShSmPredator","Demersal","Piscivorous",28,18.5,0,"Hub",1,7,18866714.4,2890.6324,1433.2283,4.500413,1.42525916901,5.5611581865379,0.055611581865379,1.42525916901,0.055611581865379,0.000781252,"L",0.5776227,10.0313197,37115882.89,0.508319159641577,0.6,0.7,"F"
"26",2000,0.6969049920416,"ShMedInvertFeeder","Demersal","Planktivorous",90,50,0,"Byproduct",0,3,7276479.2,89607.673,15973.196,3.385154,0.3484524960208,0.553500881145028,0.00553500881145028,0.3484524960208,0.00553500881145028,0.02421829,"A",0.3840447,2.4080771,8909885.27,0.81667484815997,0.35,0.6,"L"
"26",1997,0.6994583189888,"ShMedInvertFeeder","Demersal","Planktivorous",90,50,0,"Byproduct",0,3,7215558.7,94402.133,16240.9465,3.397876,0.3497291594944,0.556826497374501,0.00556826497374501,0.3497291594944,0.00556826497374501,0.02551409,"A",0.3840447,2.4080771,8909885.27,0.809837442497169,0.35,0.6,"L"
"26",1996,0.7003169279324,"ShMedInvertFeeder","Demersal","Planktivorous",90,50,0,"Byproduct",0,3,7209864.4,93058.256,16823.2932,3.398324,0.3501584639662,0.557946547252844,0.00557946547252844,0.3501584639662,0.00557946547252844,0.02515088,"A",0.3840447,2.4080771,8909885.27,0.809198343358691,0.35,0.6,"L"
"26",1995,0.6987182618026,"ShMedInvertFeeder","Demersal","Planktivorous",90,50,0,"Byproduct",0,3,7204850.9,85175.406,16092.077,3.399065,0.3493591309013,0.555861801088292,0.00555861801088292,0.3493591309013,0.00555861801088292,0.02302038,"A",0.3840447,2.4080771,8909885.27,0.808635653733844,0.35,0.6,"L"
"26",1999,0.697346533268,"ShMedInvertFeeder","Demersal","Planktivorous",90,50,0,"Byproduct",0,3,7249861.4,90930.053,15077.5222,3.391999,0.348673266634,0.554075417689401,0.00554075417689401,0.348673266634,0.00554075417689401,0.02457569,"A",0.3840447,2.4080771,8909885.27,0.813687402284586,0.35,0.6,"L"
"26",1998,0.6977800752431,"ShMedInvertFeeder","Demersal","Planktivorous",90,50,0,"Byproduct",0,3,7228915.7,91539.517,14881.9735,3.396275,0.34889003762155,0.554639771421147,0.00554639771421147,0.34889003762155,0.00554639771421147,0.02474041,"A",0.3840447,2.4080771,8909885.27,0.811336563933107,0.35,0.6,"L"
"27",1996,0.20209357090483,"ShMedPredator","Demersal","Piscivorous",50,15,0,"Byproduct",0,3,1656313.51,25498.7239,22530.1214,3.015471,0.101046785452415,0.072860977147956,0.00072860977147956,0.072860977147956,0.00072860977147956,0.006891547,"A",0.7679317,1.0972444,4059804.28,0.407978659995895,0.35,0.6,"A"
"27",1998,0.20690773828179,"ShMedPredator","Demersal","Piscivorous",50,15,0,"Byproduct",0,3,1473942.73,42449.545,39569.4798,3.225712,0.103453869140895,0.0757255243769425,0.000757255243769425,0.0757255243769425,0.000757255243769425,0.01147285,"A",0.7679317,1.0972444,4059804.28,0.363057583160142,0.35,0.6,"A"
"27",1995,0.1978091401475,"ShMedPredator","Demersal","Piscivorous",50,15,0,"Byproduct",0,3,1710461.9,26042.6535,23097.4942,2.960909,0.09890457007375,0.0703479635189394,0.000703479635189394,0.0703479635189394,0.000703479635189394,0.007038555,"A",0.7679317,1.0972444,4059804.28,0.42131634483621,0.35,0.6,"A"
"27",2000,0.194244430495,"ShMedPredator","Demersal","Piscivorous",50,15,0,"Byproduct",0,3,1262255,22816.8048,20095.1884,3.516558,0.0971222152475,0.068283373069094,0.00068283373069094,0.068283373069094,0.00068283373069094,0.006166704,"A",0.7679317,1.0972444,4059804.28,0.310915234563968,0.35,0.6,"F"
"27",1999,0.19741474115633,"ShMedPredator","Demersal","Piscivorous",50,15,0,"Byproduct",0,3,1368104.23,18702.7341,16594.6443,3.364612,0.098707370578165,0.0701183600279167,0.000701183600279167,0.0701183600279167,0.000701183600279167,0.005054793,"A",0.7679317,1.0972444,4059804.28,0.336987730354331,0.35,0.6,"F"
"27",1997,0.20513255793602,"ShMedPredator","Demersal","Piscivorous",50,15,0,"Byproduct",0,3,1577443.94,30360.3722,27566.5503,3.10118,0.10256627896801,0.074664243219849,0.00074664243219849,0.074664243219849,0.00074664243219849,0.008205506,"A",0.7679317,1.0972444,4059804.28,0.388551721020403,0.35,0.6,"A"
"28",1996,0.02142020611341,"ShLInvertFeeder","Demersal","Planktivorous",200,10,0,"Byproduct",0,3,377445.51,945.5572,944.9948,2.000825,0.010710103056705,0.00184454447511057,1.84454447511057e-05,0.00184454447511057,1.84454447511057e-05,0.000255556,"A",0.1984792,0.2231357,825602.09,0.457176059232118,0.35,0.6,"A"
"28",1999,0.02143608511185,"ShLInvertFeeder","Demersal","Planktivorous",200,10,0,"Byproduct",0,3,377586.85,949.42,949.1684,2.002415,0.010718042555925,0.00184678476990062,1.84678476990062e-05,0.00184678476990062,1.84678476990062e-05,0.0002566,"A",0.1984792,0.2231357,825602.09,0.457347255504162,0.35,0.6,"A"
"28",1995,0.02141761309664,"ShLInvertFeeder","Demersal","Planktivorous",200,10,0,"Byproduct",0,3,377412.58,933.547,932.9476,2.000405,0.01070880654832,0.00184417873891983,1.84417873891983e-05,0.00184417873891983,1.84417873891983e-05,0.00025231,"A",0.1984792,0.2231357,825602.09,0.457136173189678,0.35,0.6,"A"
"28",2000,0.02145528200256,"ShLInvertFeeder","Demersal","Planktivorous",200,10,0,"Byproduct",0,3,377624.59,993.7386,993.191,2.002388,0.01072764100128,0.00184949458487598,1.84949458487598e-05,0.00184949458487598,1.84949458487598e-05,0.000268578,"A",0.1984792,0.2231357,825602.09,0.457392967597744,0.35,0.6,"A"
"28",1998,0.02144529812708,"ShLInvertFeeder","Demersal","Planktivorous",200,10,0,"Byproduct",0,3,377535.79,1015.4502,1014.8989,2.002166,0.01072264906354,0.00184808507730041,1.84808507730041e-05,0.00184808507730041,1.84808507730041e-05,0.000274446,"A",0.1984792,0.2231357,825602.09,0.457285409730491,0.35,0.6,"A"
"28",1997,0.02142442111596,"ShLInvertFeeder","Demersal","Planktivorous",200,10,0,"Byproduct",0,3,377497.31,955.155,954.7813,2.001484,0.01071221055798,0.00184513904715389,1.84513904715389e-05,0.00184513904715389,1.84513904715389e-05,0.00025815,"A",0.1984792,0.2231357,825602.09,0.457238801321348,0.35,0.6,"A"
"29",2000,0.570753197882,"ShLPredator","Demersal","Piscivorous",200,10,0,"Byproduct",0,3,9607612.4,228535.865,114233.9332,1.834508,0.285376598941,0.39908224166539,0.0039908224166539,0.285376598941,0.0039908224166539,0.06176645,"A",0.1994788,5.350294,19796087.8,0.485328843611211,0.35,0.6,"A"
"29",1997,0.5670046023525,"ShLPredator","Demersal","Piscivorous",200,10,0,"Byproduct",0,3,9556267.5,196915.11,98763.693,1.839351,0.28350230117625,0.394797891610644,0.00394797891610644,0.28350230117625,0.00394797891610644,0.0532203,"A",0.1994788,5.350294,19796087.8,0.482735154367218,0.35,0.6,"A"
"29",1996,0.5672828338324,"ShLPredator","Demersal","Piscivorous",200,10,0,"Byproduct",0,3,9553089.2,191986.118,96121.9152,1.839574,0.2836414169162,0.395115269287286,0.00395115269287286,0.2836414169162,0.00395115269287286,0.05188814,"A",0.1994788,5.350294,19796087.8,0.482574602442408,0.35,0.6,"A"
"29",1999,0.55815721325,"ShLPredator","Demersal","Piscivorous",200,10,0,"Byproduct",0,3,9592250,174966.192,88004.7701,1.835728,0.279078606625,0.384757607210169,0.00384757607210169,0.279078606625,0.00384757607210169,0.04728816,"A",0.1994788,5.350294,19796087.8,0.484552811490359,0.35,0.6,"A"
"29",1998,0.5651631618284,"ShLPredator","Demersal","Piscivorous",200,10,0,"Byproduct",0,3,9564551.8,196703.692,99577.7929,1.838997,0.2825815809142,0.392699872241858,0.00392699872241858,0.2825815809142,0.00392699872241858,0.05316316,"A",0.1994788,5.350294,19796087.8,0.483153636043178,0.35,0.6,"A"
"29",1995,0.5663049130643,"ShLPredator","Demersal","Piscivorous",200,10,0,"Byproduct",0,3,9549555.7,184679.025,92744.8771,1.839804,0.28315245653215,0.394000197575723,0.00394000197575723,0.28315245653215,0.00394000197575723,0.04991325,"A",0.1994788,5.350294,19796087.8,0.482396107578387,0.35,0.6,"A"
"3",2000,0.007581165868628,"Seal","TEP","TEP",230,20,0,"Vulnerable",0,1,259400.636,3466.9888,0,35.40788,0.003790582934314,0.000336517431801985,3.36517431801985e-06,0.000336517431801985,3.36517431801985e-06,0.000937024,"F",0.1208771,0.0740927,274142.99,0.946223852012411,0.5,0.7,"L"
"3",1998,0.005694869943,"Seal","TEP","TEP",230,20,0,"Vulnerable",0,1,227557.4,2618.1311,0,36.23869,0.0028474349715,0.000210611693994396,2.10611693994396e-06,0.000210611693994396,2.10611693994396e-06,0.000707603,"F",0.1208771,0.0740927,274142.99,0.830068279331162,0.5,0.7,"L"
"3",1997,0.0050306665870191,"Seal","TEP","TEP",230,20,0,"Vulnerable",0,1,210505.543,2742.44,0,36.74482,0.00251533329350955,0.00017189475535498,1.7189475535498e-06,0.00017189475535498,1.7189475535498e-06,0.0007412,"F",0.1208771,0.0740927,274142.99,0.76786768467069,0.5,0.7,"L"
"3",1995,0.0037226930221826,"Seal","TEP","TEP",230,20,0,"Vulnerable",0,1,176294.714,2079.9365,0,37.78565,0.0018613465110913,0.000104969743250098,1.04969743250098e-06,0.000104969743250098,1.04969743250098e-06,0.000562145,"F",0.1208771,0.0740927,274142.99,0.643075768597986,0.5,0.7,"A"
"3",1999,0.0065201788454895,"Seal","TEP","TEP",230,20,0,"Vulnerable",0,1,244157.339,2736.5829,0,35.78648,0.00326008942274475,0.000262879714693445,2.62879714693445e-06,0.000262879714693445,2.62879714693445e-06,0.000739617,"F",0.1208771,0.0740927,274142.99,0.890620398500797,0.5,0.7,"L"
"3",1996,0.0043452094651917,"Seal","TEP","TEP",230,20,0,"Vulnerable",0,1,193368.327,2445.0562,0,37.26654,0.00217260473259585,0.000135226421134791,1.35226421134791e-06,0.000135226421134791,1.35226421134791e-06,0.000660826,"F",0.1208771,0.0740927,274142.99,0.705355723303375,0.5,0.7,"L"
"30",1998,0.010908773962619,"Blue-eye trevalla","Demersal","Piscivorous",140,42,0,"Target",0,5,180194.477,10103.7935,10014.9047,1.426186,0.0054543869813095,0.00061076901201681,6.1076901201681e-06,0.00061076901201681,6.1076901201681e-06,0.002730755,"F",0.1649815,0.13302664,492198.568,0.36610118093639,0.4,0.5,"F"
"30",1997,0.009873266096112,"Blue-eye trevalla","Demersal","Piscivorous",140,42,0,"Target",0,5,182117.811,6015.5747,5969.1101,1.410015,0.004936633048056,0.000518712673493221,5.18712673493221e-06,0.000518712673493221,5.18712673493221e-06,0.001625831,"F",0.1649815,0.13302664,492198.568,0.370008819286122,0.4,0.5,"F"
"30",1995,0.009741014130408,"Blue-eye trevalla","Demersal","Piscivorous",140,42,0,"Target",0,5,181453.624,5639.947,5595.7579,1.401266,0.004870507065204,0.000507380340912419,5.07380340912419e-06,0.000507380340912419,5.07380340912419e-06,0.00152431,"F",0.1649815,0.13302664,492198.568,0.368659390329636,0.4,0.5,"F"
"30",2000,0.00967048804272,"Blue-eye trevalla","Demersal","Piscivorous",140,42,0,"Target",0,5,181441.488,5423.8189,5383.1633,1.441689,0.00483524402136,0.000501377068281412,5.01377068281412e-06,0.000501377068281412,5.01377068281412e-06,0.001465897,"F",0.1649815,0.13302664,492198.568,0.36863473361426,0.4,0.5,"F"
"30",1996,0.00972683043885,"Blue-eye trevalla","Demersal","Piscivorous",140,42,0,"Target",0,5,181830.95,5525.1841,5483.0115,1.403999,0.004863415219425,0.000506170771402354,5.06170771402354e-06,0.000506170771402354,5.06170771402354e-06,0.001493293,"F",0.1649815,0.13302664,492198.568,0.369426003693696,0.4,0.5,"F"
"30",1999,0.009419235933185,"Blue-eye trevalla","Demersal","Piscivorous",140,42,0,"Target",0,5,179681.065,4784.211,4748.0139,1.437414,0.0047096179665925,0.000480217161164904,4.80217161164904e-06,0.000480217161164904,4.80217161164904e-06,0.00129303,"F",0.1649815,0.13302664,492198.568,0.365058081599295,0.4,0.5,"F"
"31",1998,0.0306347430501,"Blue grenadier","Pelagic","Piscivorous",110,25,0,"Target",0,5,559776.33,17660.1148,17501.8399,2.887093,0.01531737152505,0.00331450690751988,3.31450690751988e-05,0.00331450690751988,3.31450690751988e-05,0.004773004,"F",0.1613373,0.2156701,797979.37,0.701492232812986,0.4,0.5,"L"
"31",1996,0.03165508339215,"Blue grenadier","Pelagic","Piscivorous",110,25,0,"Target",0,5,558558.29,20482.3638,19709.8186,2.896238,0.015827541696075,0.00349724767962221,3.49724767962221e-05,0.00349724767962221,3.49724767962221e-05,0.005535774,"F",0.1613373,0.2156701,797979.37,0.699965827437368,0.4,0.5,"L"
"31",1995,0.03131196811015,"Blue grenadier","Pelagic","Piscivorous",110,25,0,"Target",0,5,558510.19,18932.3524,18300.9141,2.897557,0.015655984055075,0.00343537048045586,3.43537048045586e-05,0.00343537048045586,3.43537048045586e-05,0.005116852,"F",0.1613373,0.2156701,797979.37,0.69990555018985,0.4,0.5,"L"
"31",2000,0.03129615177429,"Blue grenadier","Pelagic","Piscivorous",110,25,0,"Target",0,5,564697.33,20772.5326,20437.62895,2.861294,0.015648075887145,0.00343252855291841,3.43252855291841e-05,0.00343252855291841,3.43252855291841e-05,0.005614198,"F",0.1613373,0.2156701,797979.37,0.707659058905245,0.4,0.5,"L"
"31",1997,0.03156629681923,"Blue grenadier","Pelagic","Piscivorous",110,25,0,"Target",0,5,558169.79,20718.2758,20286.4821,2.89592,0.015783148409615,0.00348119471550778,3.48119471550778e-05,0.00348119471550778,3.48119471550778e-05,0.005599534,"F",0.1613373,0.2156701,797979.37,0.699478972745874,0.4,0.5,"L"
"31",1999,0.030632156666,"Blue grenadier","Pelagic","Piscivorous",110,25,0,"Target",0,5,562918,17808.026,17554.78542,2.871765,0.015316078333,0.00331404855469862,3.31404855469862e-05,0.00331404855469862,3.31404855469862e-05,0.00481298,"F",0.1613373,0.2156701,797979.37,0.705429264418202,0.4,0.5,"L"
"32",1997,0.03184009904328,"SlopeOceanPerch","Demersal","Piscivorous",44,62,0,"Byproduct",0,3,447345.91,18046.2801,17089.2492,3.097136,0.01592004952164,0.00353079159095322,3.53079159095322e-05,0.00353079159095322,3.53079159095322e-05,0.004877373,"F",0.217153,0.2209215,817409.55,0.54727267377779,0.35,0.6,"A"
"32",1996,0.03173367862344,"SlopeOceanPerch","Demersal","Piscivorous",44,62,0,"Byproduct",0,3,448612.42,17264.8364,16349.2418,3.096176,0.01586683931172,0.00351148200074324,3.51148200074324e-05,0.00351148200074324,3.51148200074324e-05,0.004666172,"F",0.217153,0.2209215,817409.55,0.548822092915357,0.35,0.6,"A"
"32",2000,0.03174345584256,"SlopeOceanPerch","Demersal","Piscivorous",44,62,0,"Byproduct",0,3,447220.48,18050.82,17093.5449,3.084306,0.01587172792128,0.00351325431999105,3.51325431999105e-05,0.00351325431999105,3.51325431999105e-05,0.0048786,"F",0.217153,0.2209215,817409.55,0.547119225607286,0.35,0.6,"A"
"32",1999,0.03113937069616,"SlopeOceanPerch","Demersal","Piscivorous",44,62,0,"Byproduct",0,3,447845.78,15589.543,14762.8002,3.086972,0.01556968534808,0.00340440722931075,3.40440722931075e-05,0.00340440722931075,3.40440722931075e-05,0.00421339,"F",0.217153,0.2209215,817409.55,0.547884203212453,0.35,0.6,"A"
"32",1998,0.03114834846298,"SlopeOceanPerch","Demersal","Piscivorous",44,62,0,"Byproduct",0,3,447086.17,15711.2249,14878.0256,3.094292,0.01557417423149,0.00340601511004068,3.40601511004068e-05,0.00340601511004068,3.40601511004068e-05,0.004246277,"F",0.217153,0.2209215,817409.55,0.54695491384949,0.35,0.6,"A"
"32",1995,0.03145249761081,"SlopeOceanPerch","Demersal","Piscivorous",44,62,0,"Byproduct",0,3,448983.53,16108.431,15254.1713,3.097717,0.015726248805405,0.00346066145747868,3.46066145747868e-05,0.00346066145747868,3.46066145747868e-05,0.00435363,"F",0.217153,0.2209215,817409.55,0.549276100334282,0.35,0.6,"A"
"33",1997,0.016473941965446,"Deepsea Cod","Demersal","Piscivorous",80,39,0,"Byproduct",0,3,243367.907,1450.8995,1320.5374,2.19996,0.008236970982723,0.00119981519281743,1.19981519281743e-05,0.00119981519281743,1.19981519281743e-05,0.000392135,"A",0.2445085,0.1585763,586732.31,0.414785248489213,0.35,0.6,"A"
"33",1996,0.01646746191324,"Deepsea Cod","Demersal","Piscivorous",80,39,0,"Byproduct",0,3,243458.52,1400.1318,1275.7119,2.199909,0.00823373095662,0.00119904223689969,1.19904223689969e-05,0.00119904223689969,1.19904223689969e-05,0.000378414,"A",0.2445085,0.1585763,586732.31,0.414939685186248,0.35,0.6,"A"
"33",1998,0.01641780132365,"Deepsea Cod","Demersal","Piscivorous",80,39,0,"Byproduct",0,3,243367.981,1254.522,1140.9542,2.199881,0.008208900661825,0.00119312504795383,1.19312504795383e-05,0.00119312504795383,1.19312504795383e-05,0.00033906,"A",0.2445085,0.1585763,586732.31,0.414785374611465,0.35,0.6,"A"
"33",1999,0.016419659828875,"Deepsea Cod","Demersal","Piscivorous",80,39,0,"Byproduct",0,3,243461.369,1247.2219,1134.6827,2.199364,0.0082098299144375,0.00119334628830212,1.19334628830212e-05,0.00119334628830212,1.19334628830212e-05,0.000337087,"A",0.2445085,0.1585763,586732.31,0.414944540892933,0.35,0.6,"A"
"33",2000,0.01647058394658,"Deepsea Cod","Demersal","Piscivorous",80,39,0,"Byproduct",0,3,243444.756,1447.7915,1317.311,2.198846,0.00823529197329,0.00119941461618327,1.19941461618327e-05,0.00119941461618327,1.19941461618327e-05,0.000391295,"A",0.2445085,0.1585763,586732.31,0.414916226447458,0.35,0.6,"A"
"33",1995,0.01644208927603,"Deepsea Cod","Demersal","Piscivorous",80,39,0,"Byproduct",0,3,243478.685,1301.5749,1185.5725,2.200032,0.008221044638015,0.00119601759634998,1.19601759634998e-05,0.00119601759634998,1.19601759634998e-05,0.000351777,"A",0.2445085,0.1585763,586732.31,0.414974053499798,0.35,0.6,"A"
"34",1998,0.004067387328992,"Oreos","Demersal","Piscivorous",47,100,0,"Target",0,5,43315.012,2357.6733,2349.5333,2.711898,0.002033693664496,0.000121355325749196,1.21355325749196e-06,0.000121355325749196,1.21355325749196e-06,0.000637209,"F",0.3071397,0.03045528,112684.536,0.384391803326057,0.4,0.5,"F"
"34",2000,0.004172735474592,"Oreos","Demersal","Piscivorous",47,100,0,"Target",0,5,43421.424,2714.6012,2705.2291,2.705989,0.002086367737296,0.000126546272972923,1.26546272972923e-06,0.000126546272972923,1.26546272972923e-06,0.000733676,"F",0.3071397,0.03045528,112684.536,0.385336138758205,0.4,0.5,"F"
"34",1997,0.00416304049986,"Oreos","Demersal","Piscivorous",47,100,0,"Target",0,5,43291.147,2705.0145,2695.6794,2.712674,0.00208152024993,0.000126065027132228,1.26065027132228e-06,0.000126065027132228,1.26065027132228e-06,0.000731085,"F",0.3071397,0.03045528,112684.536,0.384180017389431,0.4,0.5,"F"
"34",1996,0.004143828456495,"Oreos","Demersal","Piscivorous",47,100,0,"Target",0,5,43440.849,2589.4968,2580.5576,2.702537,0.0020719142282475,0.000125113477897535,1.25113477897535e-06,0.000125113477897535,1.25113477897535e-06,0.000699864,"F",0.3071397,0.03045528,112684.536,0.38550852266011,0.4,0.5,"F"
"34",1995,0.004099617271128,"Oreos","Demersal","Piscivorous",47,100,0,"Target",0,5,43485.656,2416.5477,2408.2079,2.699,0.002049808635564,0.000122934434688861,1.22934434688861e-06,0.000122934434688861,1.22934434688861e-06,0.000653121,"F",0.3071397,0.03045528,112684.536,0.385906154860504,0.4,0.5,"F"
"34",1999,0.00407551038951,"Oreos","Demersal","Piscivorous",47,100,0,"Target",0,5,43474.63,2344.0536,2335.9617,2.702383,0.002037755194755,0.000121752566159163,1.21752566159163e-06,0.000121752566159163,1.21752566159163e-06,0.000633528,"F",0.3071397,0.03045528,112684.536,0.38580830647428,0.4,0.5,"F"
"35",2000,0.05226393623075,"SlopeSmInvertFeeder","Demersal","Planktivorous",22,25,0,"Bycatch",0,4,412611.05,636.9735,296.37,4.125369,0.026131968115375,0.00795087754657501,7.95087754657501e-05,0.00795087754657501,7.95087754657501e-05,0.000172155,"A",0.54667,0.19396498,717670.426,0.574931103542505,0.2,0.6,"A"
"35",1999,0.05220152583877,"SlopeSmInvertFeeder","Demersal","Planktivorous",22,25,0,"Bycatch",0,4,412278.79,552.1547,255.3,4.127003,0.026100762919385,0.00793533156080122,7.93533156080122e-05,0.00793533156080122,7.93533156080122e-05,0.000149231,"A",0.54667,0.19396498,717670.426,0.574468133371292,0.2,0.6,"A"
"35",1997,0.05211339651285,"SlopeSmInvertFeeder","Demersal","Planktivorous",22,25,0,"Bycatch",0,4,411029.67,635.4491,294.89,4.132045,0.026056698256425,0.00791339935942898,7.91339935942898e-05,0.00791339935942898,7.91339935942898e-05,0.000171743,"A",0.54667,0.19396498,717670.426,0.572727612994882,0.2,0.6,"A"
"35",1996,0.05217328872612,"SlopeSmInvertFeeder","Demersal","Planktivorous",22,25,0,"Bycatch",0,4,410739.96,605.838,281.2,4.132004,0.02608664436306,0.00792830179085347,7.92830179085347e-05,0.00792830179085347,7.92830179085347e-05,0.00016374,"A",0.54667,0.19396498,717670.426,0.572323931876775,0.2,0.6,"A"
"35",1995,0.0521792311752,"SlopeSmInvertFeeder","Demersal","Planktivorous",22,25,0,"Bycatch",0,4,410708.88,564.3166,261.96,4.130936,0.0260896155876,0.0079297809915594,7.9297809915594e-05,0.0079297809915594,7.9297809915594e-05,0.000152518,"A",0.54667,0.19396498,717670.426,0.572280625090158,0.2,0.6,"A"
"35",1998,0.05209154757885,"SlopeSmInvertFeeder","Demersal","Planktivorous",22,25,0,"Bycatch",0,4,411673.47,556.7575,257.15,4.129745,0.026045773789425,0.00790796560804843,7.90796560804843e-05,0.00790796560804843,7.90796560804843e-05,0.000150475,"A",0.54667,0.19396498,717670.426,0.573624682146231,0.2,0.6,"A"
"36",2000,0.1086538531591,"SlopeSmPredator","Demersal","Piscivorous",58,64.5,0,"Bycatch",0,4,1010360.11,6206.5946,850.2119,3.237448,0.05432692657955,0.0263658590790198,0.000263658590790198,0.0263658590790198,0.000263658590790198,0.001677458,"A",0.3883635,0.3933585,1455426.45,0.694202108254938,0.2,0.6,"L"
"36",1997,0.1086030591852,"SlopeSmPredator","Demersal","Piscivorous",58,64.5,0,"Bycatch",0,4,1005171.6,6171.4372,845.3982,3.241714,0.0543015295926,0.0263456727145866,0.000263456727145866,0.0263456727145866,0.000263456727145866,0.001667956,"A",0.3883635,0.3933585,1455426.45,0.690637166859239,0.2,0.6,"L"
"36",1996,0.1086334336548,"SlopeSmPredator","Demersal","Piscivorous",58,64.5,0,"Bycatch",0,4,1004869.31,5885.7565,806.2633,3.241165,0.0543167168274,0.0263577433068018,0.000263577433068018,0.0263577433068018,0.000263577433068018,0.001590745,"A",0.3883635,0.3933585,1455426.45,0.690429468284021,0.2,0.6,"L"
"36",1999,0.10839741218136,"SlopeSmPredator","Demersal","Piscivorous",58,64.5,0,"Bycatch",0,4,1008408.36,5342.4818,731.8415,3.239529,0.05419870609068,0.0262640067598406,0.000262640067598406,0.0262640067598406,0.000262640067598406,0.001443914,"A",0.3883635,0.3933585,1455426.45,0.692861092362311,0.2,0.6,"L"
"36",1998,0.10834355952175,"SlopeSmPredator","Demersal","Piscivorous",58,64.5,0,"Bycatch",0,4,1006383.35,5382.4973,737.3249,3.241222,0.054171779760875,0.0262426372636165,0.000262426372636165,0.0262426372636165,0.000262426372636165,0.001454729,"A",0.3883635,0.3933585,1455426.45,0.691469740707268,0.2,0.6,"L"
"36",1995,0.10856400159024,"SlopeSmPredator","Demersal","Piscivorous",58,64.5,0,"Bycatch",0,4,1004697.26,5486.0492,751.5107,3.240537,0.05428200079512,0.0263301546770053,0.000263301546770053,0.0263301546770053,0.000263301546770053,0.001482716,"A",0.3883635,0.3933585,1455426.45,0.690311255508652,0.2,0.6,"L"
"37",2000,0.7094212736959,"SlopeMInverFeeder","Demersal","Planktivorous",55,64.5,0,"Byproduct",0,3,8904016.7,33207.1966,7.733,3.504893,0.35471063684795,0.569876951208214,0.00569876951208214,0.35471063684795,0.00569876951208214,0.008974918,"A",0.2992214,3.741869,13844915.3,0.643125400702163,0.35,0.6,"L"
"37",1998,0.70744050972,"SlopeMInverFeeder","Demersal","Planktivorous",55,64.5,0,"Byproduct",0,3,8888602.5,28861.7353,6.6563,3.505282,0.35372025486,0.56727297871242,0.0056727297871242,0.35372025486,0.0056727297871242,0.007800469,"A",0.2992214,3.741869,13844915.3,0.642012053334844,0.35,0.6,"L"
"37",1996,0.7084410190826,"SlopeMInverFeeder","Demersal","Planktivorous",55,64.5,0,"Byproduct",0,3,8881491.1,31582.4452,7.215,3.502501,0.3542205095413,0.568587698142502,0.00568587698142502,0.3542205095413,0.00568587698142502,0.008535796,"A",0.2992214,3.741869,13844915.3,0.641498406277718,0.35,0.6,"L"
"37",1995,0.7079004424164,"SlopeMInverFeeder","Demersal","Planktivorous",55,64.5,0,"Byproduct",0,3,8880714.1,29440.2488,6.845,3.500982,0.3539502212082,0.567877206101304,0.00567877206101304,0.3539502212082,0.00567877206101304,0.007956824,"A",0.2992214,3.741869,13844915.3,0.641442284590936,0.35,0.6,"L"
"37",1999,0.707948442213,"SlopeMInverFeeder","Demersal","Planktivorous",55,64.5,0,"Byproduct",0,3,8897238.3,28617.6019,6.8006,3.504922,0.3539742211065,0.567940279312341,0.00567940279312341,0.3539742211065,0.00567940279312341,0.007734487,"A",0.2992214,3.741869,13844915.3,0.642635805796515,0.35,0.6,"L"
"37",1997,0.7085357238663,"SlopeMInverFeeder","Demersal","Planktivorous",55,64.5,0,"Byproduct",0,3,8882837.9,33110.5748,7.659,3.504388,0.35426786193315,0.568712206382279,0.00568712206382279,0.35426786193315,0.00568712206382279,0.008948804,"A",0.2992214,3.741869,13844915.3,0.641595683868142,0.35,0.6,"L"
"38",1996,0.05886981482746,"SlopeMPredator","Demersal","Piscivorous",65,11,0,"Byproduct",0,3,714896.98,2153.8255,1270.617,2.493498,0.02943490741373,0.00966238177407669,9.66238177407669e-05,0.00966238177407669,9.66238177407669e-05,0.000582115,"A",0.2962989,0.3368274,1246261.38,0.573633261427069,0.35,0.6,"A"
"38",2000,0.05846480643985,"SlopeMPredator","Demersal","Piscivorous",65,11,0,"Byproduct",0,3,712118.65,2271.2191,1348.5057,2.475901,0.029232403219925,0.0095537355896974,9.5537355896974e-05,0.0095537355896974,9.5537355896974e-05,0.000613843,"A",0.2962989,0.3368274,1246261.38,0.571403929727807,0.35,0.6,"A"
"38",1999,0.05852854046944,"SlopeMPredator","Demersal","Piscivorous",65,11,0,"Byproduct",0,3,713136.52,1980.5989,1183.3932,2.479269,0.02926427023472,0.00957080093013053,9.57080093013053e-05,0.00957080093013053,9.57080093013053e-05,0.000535297,"A",0.2962989,0.3368274,1246261.38,0.57222066850856,0.35,0.6,"A"
"38",1998,0.058622231433,"SlopeMPredator","Demersal","Piscivorous",65,11,0,"Byproduct",0,3,713850.25,1975.6039,1170.2582,2.483615,0.0293111157165,0.00959590903093052,9.59590903093052e-05,0.00959590903093052,9.59590903093052e-05,0.000533947,"A",0.2962989,0.3368274,1246261.38,0.572793365385358,0.35,0.6,"A"
"38",1997,0.05880443942142,"SlopeMPredator","Demersal","Piscivorous",65,11,0,"Byproduct",0,3,714423.38,2272.5363,1347.429,2.488791,0.02940221971071,0.00964481201030561,9.64481201030561e-05,0.00964481201030561,9.64481201030561e-05,0.000614199,"A",0.2962989,0.3368274,1246261.38,0.57325324483697,0.35,0.6,"A"
"38",1995,0.05889320126794,"SlopeMPredator","Demersal","Piscivorous",65,11,0,"Byproduct",0,3,715069.03,2024.3033,1200.761,2.497425,0.02944660063397,0.00966866994844287,9.66866994844287e-05,0.00966866994844287,9.66866994844287e-05,0.000547109,"A",0.2962989,0.3368274,1246261.38,0.573771314328941,0.35,0.6,"A"
"39",2000,0.6204563851986,"SlopeLInvertFeeder","Demersal","Planktivorous",69,9,0,"Byproduct",0,3,5361821.7,0.4144,0,2.859608,0.3102281925993,0.457573685857387,0.00457573685857387,0.3102281925993,0.00457573685857387,1.12e-07,"L",0.5005838,3.948911,14610970.7,0.36697231211339,0.35,0.6,"A"
"39",1996,0.6248979694362,"SlopeLInvertFeeder","Demersal","Planktivorous",69,9,0,"Byproduct",0,3,5275630.2,0.3885,0,2.898004,0.3124489847181,0.462951321193162,0.00462951321193162,0.3124489847181,0.00462951321193162,1.05e-07,"L",0.5005838,3.948911,14610970.7,0.361073217400949,0.35,0.6,"A"
"39",1999,0.621200722944,"SlopeLInvertFeeder","Demersal","Planktivorous",69,9,0,"Byproduct",0,3,5333209.6,0.35594,0,2.873335,0.310600361472,0.458473183165702,0.00458473183165702,0.310600361472,0.00458473183165702,9.62e-08,"L",0.5005838,3.948911,14610970.7,0.36501405070917,0.35,0.6,"A"
"39",1998,0.6216871313632,"SlopeLInvertFeeder","Demersal","Planktivorous",69,9,0,"Byproduct",0,3,5308101.4,0.35779,0,2.884682,0.3108435656816,0.459061356622141,0.00459061356622141,0.3108435656816,0.00459061356622141,9.67e-08,"L",0.5005838,3.948911,14610970.7,0.363295602255913,0.35,0.6,"A"
"39",1997,0.6230040931862,"SlopeLInvertFeeder","Demersal","Planktivorous",69,9,0,"Byproduct",0,3,5287866.1,0.4107,0,2.893055,0.3115020465931,0.460655323326709,0.00460655323326709,0.3115020465931,0.00460655323326709,1.11e-07,"L",0.5005838,3.948911,14610970.7,0.361910663471524,0.35,0.6,"A"
"39",1995,0.6260379505324,"SlopeLInvertFeeder","Demersal","Planktivorous",69,9,0,"Byproduct",0,3,5270598.2,0.3626,0,2.899888,0.3130189752662,0.464335494170209,0.00464335494170209,0.3130189752662,0.00464335494170209,9.8e-08,"L",0.5005838,3.948911,14610970.7,0.360728818654054,0.35,0.6,"A"
"4",1995,0.0024023618035218,"Seabirds","TEP","TEP",43,35,0,"Vulnerable",0,1,11088.7002,0,0,79.89274,0.0012011809017609,5.12254429412883e-05,5.12254429412883e-07,5.12254429412883e-05,5.12254429412883e-07,0,"L",0.7971439,0.00416374,15405.838,0.719772608280056,0.5,0.7,"L"
"4",1998,0.002381126865711,"Seabirds","TEP","TEP",43,35,0,"Vulnerable",0,1,10961.1205,0,0,79.87446,0.0011905634328555,5.04858639355851e-05,5.04858639355851e-07,5.04858639355851e-05,5.04858639355851e-07,0,"L",0.7971439,0.00416374,15405.838,0.711491351525311,0.5,0.7,"L"
"4",1996,0.0023996011947364,"Seabirds","TEP","TEP",43,35,0,"Vulnerable",0,1,11046.8828,0,0,79.92348,0.0011998005973682,5.1129058525191e-05,5.1129058525191e-07,5.1129058525191e-05,5.1129058525191e-07,0,"L",0.7971439,0.00416374,15405.838,0.717058221694919,0.5,0.7,"L"
"4",2000,0.0023571292002141,"Seabirds","TEP","TEP",43,35,0,"Vulnerable",0,1,10813.6977,0,0,79.91912,0.00117856460010705,4.96551147060164e-05,4.96551147060164e-07,4.96551147060164e-05,4.96551147060164e-07,0,"L",0.7971439,0.00416374,15405.838,0.701922070062011,0.5,0.7,"L"
"4",1999,0.0023733798585318,"Seabirds","TEP","TEP",43,35,0,"Vulnerable",0,1,10895.2938,0,0,79.82783,0.0011866899292659,5.02170919736465e-05,5.02170919736465e-07,5.02170919736465e-05,5.02170919736465e-07,0,"L",0.7971439,0.00416374,15405.838,0.707218510281622,0.5,0.7,"L"
"4",1997,0.0023889537356136,"Seabirds","TEP","TEP",43,35,0,"Vulnerable",0,1,11004.1626,0,0,79.94276,0.0011944768678068,5.07579737699854e-05,5.07579737699854e-07,5.07579737699854e-05,5.07579737699854e-07,0,"L",0.7971439,0.00416374,15405.838,0.714285233948325,0.5,0.7,"L"
"40",1996,0.014580373154685,"SlopeLPredator","Demersal","Piscivorous",205,8,0,"Byproduct",0,3,266208.969,15286.4871,8109.8524,2.336042,0.0072901865773425,0.000982320100253773,9.82320100253773e-06,0.000982320100253773,9.82320100253773e-06,0.004131483,"F",0.1533199,0.2158196,798532.52,0.333372733523739,0.35,0.6,"F"
"40",1999,0.01404533187288,"SlopeLPredator","Demersal","Piscivorous",205,8,0,"Byproduct",0,3,264402.222,13581.4494,7135.1207,2.337256,0.00702266593644,0.000923969052064669,9.23969052064669e-06,0.000923969052064669,9.23969052064669e-06,0.003670662,"F",0.1533199,0.2158196,798532.52,0.331110149402557,0.35,0.6,"F"
"40",1998,0.014383110145548,"SlopeLPredator","Demersal","Piscivorous",205,8,0,"Byproduct",0,3,264134.527,14860.5727,8345.6719,2.338315,0.007191555072774,0.000960644933701882,9.60644933701881e-06,0.000960644933701882,9.60644933701881e-06,0.004016371,"F",0.1533199,0.2158196,798532.52,0.330774915716645,0.35,0.6,"F"
"40",1997,0.01471501845864,"SlopeLPredator","Demersal","Piscivorous",205,8,0,"Byproduct",0,3,265040.99,15943.4924,8454.1559,2.336851,0.00735750922932,0.000997222821447211,9.97222821447211e-06,0.000997222821447211,9.97222821447211e-06,0.004309052,"F",0.1533199,0.2158196,798532.52,0.331910076749285,0.35,0.6,"F"
"40",2000,0.014632529823068,"SlopeLPredator","Demersal","Piscivorous",205,8,0,"Byproduct",0,3,264021.529,15764.6677,8298.7892,2.336335,0.007316264911534,0.000988082497816137,9.88082497816137e-06,0.000988082497816137,9.88082497816137e-06,0.004260721,"F",0.1533199,0.2158196,798532.52,0.330633408643144,0.35,0.6,"F"
"40",1995,0.014326499019858,"SlopeLPredator","Demersal","Piscivorous",205,8,0,"Byproduct",0,3,266526.651,14318.7928,7619.4507,2.337583,0.007163249509929,0.000954459361355276,9.54459361355276e-06,0.000954459361355276,9.54459361355276e-06,0.003869944,"F",0.1533199,0.2158196,798532.52,0.333770565787352,0.35,0.6,"F"
"41",1995,5.493241817118,"PelSmInvertFeeder","Pelagic","Planktivorous",15.7,6,0,"Byproduct",0,3,26819142.9,194057.6,192135.598,8.845083,2.746620908559,16.2869378517568,0.162869378517567,2.746620908559,0.162869378517567,0.052448,"L",0.9054492,11.802935,43670859.5,0.614119877810053,0.35,0.6,"L"
"41",2000,5.5156009192608,"PelSmInvertFeeder","Pelagic","Planktivorous",15.7,6,0,"Byproduct",0,3,27244938.9,229458.571,227186.327,8.769277,2.7578004596304,16.395666060991,0.16395666060991,2.7578004596304,0.16395666060991,0.06201583,"L",0.9054492,11.802935,43670859.5,0.623869995047842,0.35,0.6,"L"
"41",1999,5.5161528411699,"PelSmInvertFeeder","Pelagic","Planktivorous",15.7,6,0,"Byproduct",0,3,27151647.1,237168.594,234819.686,8.786321,2.75807642058495,16.398353518604,0.16398353518604,2.75807642058495,0.16398353518604,0.06409962,"L",0.9054492,11.802935,43670859.5,0.621733746733334,0.35,0.6,"L"
"41",1998,5.4960305968777,"PelSmInvertFeeder","Pelagic","Planktivorous",15.7,6,0,"Byproduct",0,3,27058555.1,183721.502,181901.879,8.803054,2.74801529843885,16.3004837921474,0.163004837921473,2.74801529843885,0.163004837921473,0.04965446,"L",0.9054492,11.802935,43670859.5,0.619602073552045,0.35,0.6,"L"
"41",1996,5.4885461311488,"PelSmInvertFeeder","Pelagic","Planktivorous",15.7,6,0,"Byproduct",0,3,26886741.9,172955.982,171243.067,8.833396,2.7442730655744,16.2641394075939,0.162641394075939,2.7442730655744,0.162641394075939,0.04674486,"L",0.9054492,11.802935,43670859.5,0.615667797882476,0.35,0.6,"L"
"41",1997,5.501006449263,"PelSmInvertFeeder","Pelagic","Planktivorous",15.7,6,0,"Byproduct",0,3,26961881.5,216741.523,214595.19,8.820177,2.7505032246315,16.3246638944387,0.163246638944387,2.7505032246315,0.163246638944387,0.05857879,"L",0.9054492,11.802935,43670859.5,0.61738838687157,0.35,0.6,"L"
"42",1995,0.06020949883144,"PelMInvertFeeder","Pelagic","Planktivorous",50,16,0,"Byproduct",0,3,484876.49,2008.5894,1415.44055,3.400077,0.03010474941572,0.0100251594799333,0.000100251594799333,0.0100251594799333,0.000100251594799333,0.000542862,"A",0.4274808,0.1606709,594482.33,0.815628094446474,0.35,0.6,"L"
"42",2000,0.06017826506846,"PelMInvertFeeder","Pelagic","Planktivorous",50,16,0,"Byproduct",0,3,490654.78,2086.2413,1481.1914,3.385644,0.03008913253423,0.0100166423630491,0.000100166423630491,0.0100166423630491,0.000100166423630491,0.000563849,"A",0.4274808,0.1606709,594482.33,0.825347962823386,0.35,0.6,"L"
"42",1999,0.06014004577584,"PelMInvertFeeder","Pelagic","Planktivorous",50,16,0,"Byproduct",0,3,488751.87,2027.711,1429.1805,3.391353,0.03007002288792,0.0100062242025323,0.000100062242025323,0.0100062242025323,0.000100062242025323,0.00054803,"A",0.4274808,0.1606709,594482.33,0.822147009819451,0.35,0.6,"L"
"42",1997,0.06015133028979,"PelMInvertFeeder","Pelagic","Planktivorous",50,16,0,"Byproduct",0,3,486076.77,2060.8519,1464.7079,3.398466,0.030075665144895,0.0100092997980856,0.000100092997980856,0.0100092997980856,0.000100092997980856,0.000556987,"A",0.4274808,0.1606709,594482.33,0.817647128384791,0.35,0.6,"L"
"42",1996,0.060172232313,"PelMInvertFeeder","Pelagic","Planktivorous",50,16,0,"Byproduct",0,3,485310.5,2017.3436,1422.7055,3.399698,0.0300861161565,0.010014997619336,0.00010014997619336,0.010014997619336,0.00010014997619336,0.000545228,"A",0.4274808,0.1606709,594482.33,0.816358158197906,0.35,0.6,"L"
"42",1998,0.06013964146866,"PelMInvertFeeder","Pelagic","Planktivorous",50,16,0,"Byproduct",0,3,487219.33,2065.0181,1464.7005,3.39584,0.03006982073433,0.0100061140153962,0.000100061140153962,0.0100061140153962,0.000100061140153962,0.000558113,"A",0.4274808,0.1606709,594482.33,0.81956906944568,0.35,0.6,"L"
"43",2000,0.10996217321012,"PelMPredator","Pelagic","Piscivorous",50,24,0,"Byproduct",0,3,1268003.32,93669.385,82862.5915,2.819087,0.05498108660506,0.026887879235334,0.00026887879235334,0.026887879235334,0.00026887879235334,0.02531605,"A",0.2833242,0.3620508,1339587.96,0.946562195139467,0.35,0.6,"L"
"43",1998,0.10780386142593,"PelMPredator","Pelagic","Piscivorous",50,24,0,"Byproduct",0,3,1276123.71,83510.11,72900.9224,2.814834,0.053901930712965,0.0260288518458948,0.000260288518458948,0.0260288518458948,0.000260288518458948,0.0225703,"A",0.2833242,0.3620508,1339587.96,0.95262405165242,0.35,0.6,"L"
"43",1997,0.11021718865178,"PelMPredator","Pelagic","Piscivorous",50,24,0,"Byproduct",0,3,1275479.17,91043.754,80475.2923,2.81994,0.05510859432589,0.0269900942493863,0.000269900942493863,0.0269900942493863,0.000269900942493863,0.02460642,"A",0.2833242,0.3620508,1339587.96,0.952142903703016,0.35,0.6,"L"
"43",1995,0.10775043438285,"PelMPredator","Pelagic","Piscivorous",50,24,0,"Byproduct",0,3,1265907.27,84192.057,73767.7066,2.84256,0.053875217191425,0.0260077253698606,0.000260077253698606,0.0260077253698606,0.000260077253698606,0.02275461,"A",0.2833242,0.3620508,1339587.96,0.944997497588736,0.35,0.6,"L"
"43",1999,0.110801034121,"PelMPredator","Pelagic","Piscivorous",50,24,0,"Byproduct",0,3,1274283.7,95687.513,85145.0697,2.813443,0.0554005170605,0.0272246789445928,0.000272246789445928,0.0272246789445928,0.000272246789445928,0.02586149,"A",0.2833242,0.3620508,1339587.96,0.951250487500649,0.35,0.6,"L"
"43",1996,0.10668125674936,"PelMPredator","Pelagic","Piscivorous",50,24,0,"Byproduct",0,3,1273501.52,78560.398,68131.7334,2.827197,0.05334062837468,0.0255863505567558,0.000255863505567558,0.0255863505567558,0.000255863505567558,0.02123254,"A",0.2833242,0.3620508,1339587.96,0.950666591539088,0.35,0.6,"L"
"44",1995,0.004720233821065,"PelLInvertFeeder","Pelagic","Planktivorous",47,16,0,"Byproduct",0,3,145590.893,0,0,2.600639,0.0023601169105325,0.000154864627843366,1.54864627843366e-06,0.000154864627843366,1.54864627843366e-06,0,"L",0.1150454,0.09551268,353396.916,0.411975561778813,0.35,0.6,"A"
"44",1998,0.00472563205152,"PelLInvertFeeder","Pelagic","Planktivorous",47,16,0,"Byproduct",0,3,145631.26,0,0,2.605196,0.00236281602576,0.000155154837879897,1.55154837879897e-06,0.000155154837879897,1.55154837879897e-06,0,"L",0.1150454,0.09551268,353396.916,0.412089787450211,0.35,0.6,"A"
"44",1996,0.004722764941128,"PelLInvertFeeder","Pelagic","Planktivorous",47,16,0,"Byproduct",0,3,145600.143,0,0,2.601814,0.002361382470564,0.00015500067505415,1.5500067505415e-06,0.00015500067505415,1.5500067505415e-06,0,"L",0.1150454,0.09551268,353396.916,0.412001736313964,0.35,0.6,"A"
"44",2000,0.0047318798366,"PelLInvertFeeder","Pelagic","Planktivorous",47,16,0,"Byproduct",0,3,145689.35,0,0,2.608128,0.0023659399183,0.000155490984302836,1.55490984302836e-06,0.000155490984302836,1.55490984302836e-06,0,"L",0.1150454,0.09551268,353396.916,0.412254163530957,0.35,0.6,"A"
"44",1999,0.00472777031595,"PelLInvertFeeder","Pelagic","Planktivorous",47,16,0,"Byproduct",0,3,145660.638,0,0,2.606577,0.002363885157975,0.000155269849946262,1.55269849946262e-06,0.000155269849946262,1.55269849946262e-06,0,"L",0.1150454,0.09551268,353396.916,0.41217291777385,0.35,0.6,"A"
"44",1997,0.00472490313789,"PelLInvertFeeder","Pelagic","Planktivorous",47,16,0,"Byproduct",0,3,145611.465,0,0,2.603469,0.002362451568945,0.000155115638967554,1.55115638967554e-06,0.000155115638967554,1.55115638967554e-06,0,"L",0.1150454,0.09551268,353396.916,0.412033773944988,0.35,0.6,"A"
"45",2000,0.020952267290485,"PelLPredator","Pelagic","Piscivorous",120,9,0,"Target",0,5,218864.953,8793.1092,5746.35752,3.296446,0.0104761336452425,0.00177900193415823,1.77900193415823e-05,0.00177900193415823,1.77900193415823e-05,0.002376516,"F",0.3352508,0.2312394,855585.78,0.255807141862503,0.4,0.5,"F"
"45",1997,0.022421000940156,"PelLPredator","Pelagic","Piscivorous",120,9,0,"Target",0,5,264659.409,10676.2094,6992.25815,3.161785,0.011210500470078,0.00198780090918376,1.98780090918376e-05,0.00198780090918376,1.98780090918376e-05,0.002885462,"F",0.3352508,0.2312394,855585.78,0.30933123853461,0.4,0.5,"F"
"45",1995,0.021639208309785,"PelLPredator","Pelagic","Piscivorous",120,9,0,"Target",0,5,283957.055,11428.4786,7475.8204,3.110537,0.0108196041548925,0.00187553580824129,1.87553580824129e-05,0.00187553580824129,1.87553580824129e-05,0.003088778,"F",0.3352508,0.2312394,855585.78,0.331886131861612,0.4,0.5,"F"
"45",1998,0.022272796488129,"PelLPredator","Pelagic","Piscivorous",120,9,0,"Target",0,5,250814.971,10201.3625,6709.1878,3.201582,0.0111363982440645,0.00196632381232239,1.96632381232239e-05,0.00196632381232239,1.96632381232239e-05,0.002757125,"F",0.3352508,0.2312394,855585.78,0.293149999524302,0.4,0.5,"F"
"45",1996,0.02221894821986,"PelLPredator","Pelagic","Piscivorous",120,9,0,"Target",0,5,275945.63,11107.6627,7266.74635,3.131367,0.01110947410993,0.0019585428957745,1.9585428957745e-05,0.0019585428957745,1.9585428957745e-05,0.003002071,"F",0.3352508,0.2312394,855585.78,0.322522459407869,0.4,0.5,"F"
"45",1999,0.021739246088376,"PelLPredator","Pelagic","Piscivorous",120,9,0,"Target",0,5,235296.764,9448.357,6173.1059,3.247084,0.010869623044188,0.00188975914752072,1.88975914752072e-05,0.00188975914752072,1.88975914752072e-05,0.00255361,"F",0.3352508,0.2312394,855585.78,0.27501247624756,0.4,0.5,"F"
"46",2000,98.74044254178,"Mesopelagics","Pelagic","Planktivorous",7,3,0,"Hub",1,7,140548274,3.3004,0,8.003192,49.37022127089,1849.19590732064,18.4919590732064,49.37022127089,18.4919590732064,8.92e-07,"L",2.901438,38.00062,140602294,0.99961579574228,0.6,0.7,"L"
"46",1998,98.73693971405,"Mesopelagics","Pelagic","Planktivorous",7,3,0,"Hub",1,7,140642735,2.8749,0,7.998277,49.368469857025,1849.08845504536,18.4908845504536,49.368469857025,18.4908845504536,7.77e-07,"L",2.901438,38.00062,140602294,1.00028762688609,0.6,0.7,"L"
"46",1996,98.72161879627,"Mesopelagics","Pelagic","Planktivorous",7,3,0,"Hub",1,7,140650801,3.1487,0,7.99785,49.360809398135,1848.61850120173,18.4861850120173,49.360809398135,18.4861850120173,8.51e-07,"L",2.901438,38.00062,140602294,1.00034499437114,0.6,0.7,"L"
"46",1999,98.7395358402,"Mesopelagics","Pelagic","Planktivorous",7,3,0,"Hub",1,7,140600370,2.849,0,8.00055,49.3697679201,1849.16809323087,18.4916809323087,49.3697679201,18.4916809323087,7.7e-07,"L",2.901438,38.00062,140602294,0.999986316012739,0.6,0.7,"L"
"46",1997,98.72920766282,"Mesopelagics","Pelagic","Planktivorous",7,3,0,"Hub",1,7,140661938,3.3041,0,7.997343,49.36460383141,1848.85127628456,18.4885127628456,49.36460383141,18.4885127628456,8.93e-07,"L",2.901438,38.00062,140602294,1.0004242036051,0.6,0.7,"L"
"46",1995,98.71787339878,"Mesopelagics","Pelagic","Planktivorous",7,3,0,"Hub",1,7,140623643,2.9378,0,7.999064,49.35893669939,1848.50362195387,18.4850362195387,49.35893669939,18.4850362195387,7.94e-07,"L",2.901438,38.00062,140602294,1.00015183962788,0.6,0.7,"L"
"47",1997,5.782815006942,"Squid","Invert","Invert",38,1,0,"Hub",1,7,8988043.7,13993.585,13958.2019,7.927669,2.891407503471,17.7167547109308,0.177167547109308,2.891407503471,0.177167547109308,0.00378205,"L",2.243851,2.446785,9053104.5,0.992813426598577,0.6,0.7,"L"
"47",1996,5.790795948704,"Squid","Invert","Invert",38,1,0,"Hub",1,7,9007857.2,13854.7647,13820.7506,7.918659,2.895397974352,17.7568232990015,0.177568232990015,2.895397974352,0.177568232990015,0.003744531,"L",2.243851,2.446785,9053104.5,0.995002012845428,0.6,0.7,"L"
"47",2000,5.772101752908,"Squid","Invert","Invert",38,1,0,"Hub",1,7,8948072.6,14948.3552,14913.3236,7.948973,2.886050876454,17.663023901776,0.17663023901776,2.886050876454,0.17663023901776,0.004040096,"L",2.243851,2.446785,9053104.5,0.988398245044007,0.6,0.7,"L"
"47",1998,5.77808453318,"Squid","Invert","Invert",38,1,0,"Hub",1,7,8975156.6,12331.3452,12295.951,7.935774,2.88904226659,17.6930218522274,0.176930218522274,2.88904226659,0.176930218522274,0.003332796,"L",2.243851,2.446785,9053104.5,0.991389925964071,0.6,0.7,"L"
"47",1995,5.79949340212,"Squid","Invert","Invert",38,1,0,"Hub",1,7,9032551,12956.7488,12922.4165,7.908582,2.89974670106,17.80052929399,0.1780052929399,2.89974670106,0.1780052929399,0.003501824,"L",2.243851,2.446785,9053104.5,0.997729673837301,0.6,0.7,"L"
"47",1999,5.777246536515,"Squid","Invert","Invert",38,1,0,"Hub",1,7,8964126.9,12821.092,12786.8152,7.942303,2.8886232682575,17.6888189022901,0.176888189022901,2.8886232682575,0.176888189022901,0.00346516,"L",2.243851,2.446785,9053104.5,0.990171592518346,0.6,0.7,"L"
"48",2000,7.56624608766,"Commercial Prawns","Invert","Invert",5,4,0,"Byproduct",0,3,3719195.6,944.3954,944.4953,37.69913,3.78312304383,27.5173239948199,0.275173239948199,3.78312304383,0.275173239948199,0.000255242,"L",7.57827,0.994811,3680800.7,1.01043112711862,0.35,0.6,"L"
"48",1996,7.5381388003989,"Commercial Prawns","Invert","Invert",5,4,0,"Byproduct",0,3,3691175.13,729.196,729.0665,37.84345,3.76906940019945,27.3500827557762,0.273500827557762,3.76906940019945,0.273500827557762,0.00019708,"L",7.57827,0.994811,3680800.7,1.00281852532793,0.35,0.6,"L"
"48",1995,7.5322176791265,"Commercial Prawns","Invert","Invert",5,4,0,"Byproduct",0,3,3684699.39,704.7353,704.7538,37.87674,3.76610883956325,27.3149021330219,0.273149021330219,3.76610883956325,0.273149021330219,0.000190469,"L",7.57827,0.994811,3680800.7,1.00105919616892,0.35,0.6,"L"
"48",1997,7.5456429557304,"Commercial Prawns","Invert","Invert",5,4,0,"Byproduct",0,3,3698622.12,673.4185,673.4333,37.80526,3.7728214778652,27.3946943870833,0.273946943870833,3.7728214778652,0.273946943870833,0.000182005,"L",7.57827,0.994811,3680800.7,1.0048417237043,0.35,0.6,"L"
"48",1998,7.55301220131,"Commercial Prawns","Invert","Invert",5,4,0,"Byproduct",0,3,3705568.5,746.8339,746.7599,37.76954,3.776506100655,27.4385315459874,0.274385315459874,3.776506100655,0.274385315459874,0.000201847,"L",7.57827,0.994811,3680800.7,1.00672891634692,0.35,0.6,"L"
"48",1999,7.559400163084,"Commercial Prawns","Invert","Invert",5,4,0,"Byproduct",0,3,3711921.4,584.1634,584.1042,37.73676,3.779700081542,27.4765534645505,0.274765534645505,3.779700081542,0.274765534645505,0.000157882,"L",7.57827,0.994811,3680800.7,1.00845487233253,0.35,0.6,"L"
"49",1996,75.6756109074,"Macrobenthos","Invert","Invert",10,30,0,"Hub",1,7,174955018,9514.5537,2520.9432,6.000513,37.8378054537,1195.99626248639,11.9599626248639,37.8378054537,11.9599626248639,0.002571501,"L",1.597839,47.95345,177427765,0.986063359362048,0.6,0.7,"L"
"49",2000,75.57769837632,"Macrobenthos","Invert","Invert",10,30,0,"Hub",1,7,174613656,9769.2543,2544.2421,6.003871,37.78884918816,1193.46261174842,11.9346261174842,37.78884918816,11.9346261174842,0.002640339,"L",1.597839,47.95345,177427765,0.984139410198849,0.6,0.7,"L"
"49",1997,75.66556670606,"Macrobenthos","Invert","Invert",10,30,0,"Hub",1,7,174902071,8727.6525,2020.7217,6.001015,37.83278335303,1195.73625562707,11.9573625562707,37.83278335303,11.9573625562707,0.002358825,"L",1.597839,47.95345,177427765,0.98576494496225,0.6,0.7,"L"
"49",1998,75.65109185175,"Macrobenthos","Invert","Invert",10,30,0,"Hub",1,7,174811495,7898.4788,1909.422,6.001972,37.825545925875,1195.3615944416,11.953615944416,37.825545925875,11.953615944416,0.002134724,"L",1.597839,47.95345,177427765,0.985254449888381,0.6,0.7,"L"
"49",1995,75.6849506697,"Macrobenthos","Invert","Invert",10,30,0,"Hub",1,7,174997605,8804.7309,2317.125,6.000051,37.84247533485,1196.23805380603,11.9623805380603,37.84247533485,11.9623805380603,0.002379657,"L",1.597839,47.95345,177427765,0.986303383802417,0.6,0.7,"L"
"49",1999,75.61733380047,"Macrobenthos","Invert","Invert",10,30,0,"Hub",1,7,174698793,7261.657,1611.3167,6.003195,37.808666900235,1194.48799261185,11.9448799261185,37.808666900235,11.9448799261185,0.00196261,"L",1.597839,47.95345,177427765,0.984619250544017,0.6,0.7,"L"
"5",2000,0.0008034757274135,"Penguins","TEP","TEP",40,6.5,0,"Vulnerable",0,1,3717.9635,0,0,80.05123,0.00040173786370675,8.51815195781214e-06,8.51815195781214e-08,8.51815195781214e-06,8.51815195781214e-08,0,"L",0.7946844,0.004774249,17664.7213,0.210473940508759,0.5,0.7,"F"
"5",1997,0.0008002541438864,"Penguins","TEP","TEP",40,6.5,0,"Vulnerable",0,1,3703.7296,0,0,80.03478,0.0004001270719432,8.46227923886201e-06,8.46227923886201e-08,8.46227923886201e-06,8.46227923886201e-08,0,"L",0.7946844,0.004774249,17664.7213,0.209668159327258,0.5,0.7,"F"
"5",1995,0.0008000703972856,"Penguins","TEP","TEP",40,6.5,0,"Vulnerable",0,1,3700.4329,0,0,80.00454,0.0004000351986428,8.45909679450343e-06,8.45909679450343e-08,8.45909679450343e-06,8.45909679450343e-08,0,"L",0.7946844,0.004774249,17664.7213,0.209481533116517,0.5,0.7,"F"
"5",1998,0.0008005746284305,"Penguins","TEP","TEP",40,6.5,0,"Vulnerable",0,1,3707.9735,0,0,80.0516,0.00040028731421525,8.46783106533816e-06,8.46783106533816e-08,8.46783106533816e-06,8.46783106533816e-08,0,"L",0.7946844,0.004774249,17664.7213,0.209908406536819,0.5,0.7,"F"
"5",1996,0.0008000960541035,"Penguins","TEP","TEP",40,6.5,0,"Vulnerable",0,1,3701.1359,0,0,80.03288,0.00040004802705175,8.45954113605237e-06,8.45954113605237e-08,8.45954113605237e-06,8.45954113605237e-08,0,"L",0.7946844,0.004774249,17664.7213,0.20952132995158,0.5,0.7,"F"
"5",1999,0.0008018697641568,"Penguins","TEP","TEP",40,6.5,0,"Vulnerable",0,1,3714.3264,0,0,80.03122,0.0004009348820784,8.49028143861109e-06,8.49028143861109e-08,8.49028143861109e-06,8.49028143861109e-08,0,"L",0.7946844,0.004774249,17664.7213,0.210268044251567,0.5,0.7,"F"
"50",1996,29.1940126284,"Megabenthos","Invert","Invert",27,8,0,"Hub",1,7,43239828,87198.788,78256.0027,5.846256,14.5970063142,251.276127599171,2.51276127599171,14.5970063142,2.51276127599171,0.02356724,"L",2.482888,11.93177,44147549,0.979438926496237,0.6,0.7,"L"
"50",1997,29.19224963964,"Megabenthos","Invert","Invert",27,8,0,"Hub",1,7,43267319,81340.874,74431.457,5.843466,14.59612481982,251.251272670938,2.51251272670938,14.59612481982,2.51251272670938,0.02198402,"L",2.482888,11.93177,44147549,0.980061633772693,0.6,0.7,"L"
"50",1998,29.19691421139,"Megabenthos","Invert","Invert",27,8,0,"Hub",1,7,43307871,51884.397,46881.2348,5.839241,14.598457105695,251.317036715841,2.51317036715841,14.598457105695,2.51317036715841,0.01402281,"L",2.482888,11.93177,44147549,0.980980189862862,0.6,0.7,"L"
"50",2000,29.19484420514,"Megabenthos","Invert","Invert",27,8,0,"Hub",1,7,43320118,80605.277,72866.0129,5.833385,14.59742210257,251.287851647927,2.51287851647927,14.59742210257,2.51287851647927,0.02178521,"L",2.482888,11.93177,44147549,0.981257600506882,0.6,0.7,"L"
"50",1999,29.20191408272,"Megabenthos","Invert","Invert",27,8,0,"Hub",1,7,43329479,49272.234,44741.3398,5.835485,14.60095704136,251.38753546725,2.5138753546725,14.60095704136,2.5138753546725,0.01331682,"L",2.482888,11.93177,44147549,0.981469639458354,0.6,0.7,"L"
"50",1995,29.1850859058,"Megabenthos","Invert","Invert",27,8,0,"Hub",1,7,43220551,54547.361,47719.4032,5.848302,14.5925429529,251.15028693253,2.5115028693253,14.5925429529,2.5115028693253,0.01474253,"L",2.482888,11.93177,44147549,0.979002277113957,0.6,0.7,"L"
"51",1996,26.722597631067,"Polychaeta","Micro","Micro",10,1,0,"Bycatch",0,4,16486989.1,0,0,31.98927,13.3612988155335,217.383844671069,2.17383844671069,13.3612988155335,2.17383844671069,0,"L",5.920904,4.511317,16691872.9,0.987725535580852,0.2,0.6,"L"
"51",2000,26.76668056878,"Polychaeta","Micro","Micro",10,1,0,"Bycatch",0,4,16531341,0,0,31.95453,13.38334028439,217.971552472562,2.17971552472562,13.38334028439,2.17971552472562,0,"L",5.920904,4.511317,16691872.9,0.990382631058735,0.2,0.6,"L"
"51",1997,26.734909332835,"Polychaeta","Micro","Micro",10,1,0,"Bycatch",0,4,16500390.5,0,0,31.97865,13.3674546664175,217.547920420837,2.17547920420837,13.3674546664175,2.17547920420837,0,"L",5.920904,4.511317,16691872.9,0.9885284053415,0.2,0.6,"L"
"51",1995,26.717322471135,"Polychaeta","Micro","Micro",10,1,0,"Bycatch",0,4,16478826.9,0,0,31.99578,13.3586612355675,217.313558356543,2.17313558356543,13.3586612355675,2.17313558356543,0,"L",5.920904,4.511317,16691872.9,0.987236543120335,0.2,0.6,"L"
"51",1999,26.75734022493,"Polychaeta","Micro","Micro",10,1,0,"Bycatch",0,4,16522516.5,0,0,31.96113,13.378670112465,217.846976664103,2.17846976664103,13.378670112465,2.17846976664103,0,"L",5.920904,4.511317,16691872.9,0.989853960606182,0.2,0.6,"L"
"51",1998,26.74711076322,"Polychaeta","Micro","Micro",10,1,0,"Bycatch",0,4,16512256.4,0,0,31.96931,13.37355538161,217.71057417215,2.1771057417215,13.37355538161,2.1771057417215,0,"L",5.920904,4.511317,16691872.9,0.989239284226757,0.2,0.6,"L"
"52",2000,10.933069517176,"Gelatinous nekton","Jelly","Jelly",10,0.5,0,"Robust",0,6,870889.72,10.101,0,158.9654,5.466534758588,50.2874455614626,0.502874455614626,5.466534758588,0.502874455614626,2.73e-06,"L",48.25064,0.225043,832659.1,1.04591389201175,0.4,0.5,"L"
"52",1998,10.837437106923,"Gelatinous nekton","Jelly","Jelly",10,0.5,0,"Robust",0,6,852972.47,8.251,0,160.8117,5.4187185534615,49.5689540113401,0.495689540113401,5.4187185534615,0.495689540113401,2.23e-06,"L",48.25064,0.225043,832659.1,1.02439578213941,0.4,0.5,"L"
"52",1996,10.759732346727,"Gelatinous nekton","Jelly","Jelly",10,0.5,0,"Robust",0,6,838820.71,7.955,0,162.3043,5.3798661733635,48.9881235969186,0.489881235969186,5.3798661733635,0.489881235969186,2.15e-06,"L",48.25064,0.225043,832659.1,1.00739991912657,0.4,0.5,"L"
"52",1999,10.880768469927,"Gelatinous nekton","Jelly","Jelly",10,0.5,0,"Robust",0,6,860957.07,7.178,0,159.982,5.4403842349635,49.8940059176116,0.498940059176116,5.4403842349635,0.498940059176116,1.94e-06,"L",48.25064,0.225043,832659.1,1.03398506063286,0.4,0.5,"L"
"52",1997,10.794233397393,"Gelatinous nekton","Jelly","Jelly",10,0.5,0,"Robust",0,6,845397.09,8.066,0,161.6079,5.3971166986965,49.2456841709857,0.492456841709857,5.3971166986965,0.492456841709857,2.18e-06,"L",48.25064,0.225043,832659.1,1.01529796527775,0.4,0.5,"L"
"52",1995,10.739443824113,"Gelatinous nekton","Jelly","Jelly",10,0.5,0,"Robust",0,6,834615.29,7.622,0,162.7561,5.3697219120565,48.836909496954,0.48836909496954,5.3697219120565,0.48836909496954,2.06e-06,"L",48.25064,0.225043,832659.1,1.00234932879494,0.4,0.5,"L"
"53",1996,271.72338425043,"Euphausids","Micro","Micro",3,10,0,"Robust",0,6,187214783,0,0,17.58047,135.861692125215,9707.33574141052,97.0733574141052,135.861692125215,97.0733574141052,0,"L",5.108605,54.8497,202943890,0.922495291678897,0.4,0.5,"L"
"53",1999,271.7666450016,"Euphausids","Micro","Micro",3,10,0,"Robust",0,6,187307616,0,0,17.57585,135.8833225008,9709.86738779954,97.0986738779954,135.8833225008,97.0986738779954,0,"L",5.108605,54.8497,202943890,0.922952723533584,0.4,0.5,"L"
"53",1997,271.72193397888,"Euphausids","Micro","Micro",3,10,0,"Robust",0,6,187221628,0,0,17.58013,135.86096698944,9707.25087506111,97.0725087506111,135.86096698944,97.0725087506111,0,"L",5.108605,54.8497,202943890,0.92252902021342,0.4,0.5,"L"
"53",2000,271.8050193075,"Euphausids","Micro","Micro",3,10,0,"Robust",0,6,187369665,0,0,17.57269,135.90250965375,9712.11329153632,97.1211329153632,135.90250965375,97.1211329153632,0,"L",5.108605,54.8497,202943890,0.92325846814112,0.4,0.5,"L"
"53",1998,271.73394956256,"Euphausids","Micro","Micro",3,10,0,"Robust",0,6,187252782,0,0,17.57859,135.86697478128,9707.95400639606,97.0795400639606,135.86697478128,97.0795400639606,0,"L",5.108605,54.8497,202943890,0.922682530624598,0.4,0.5,"L"
"53",1995,271.73010855512,"Euphausids","Micro","Micro",3,10,0,"Robust",0,6,187221961,0,0,17.58014,135.86505427756,9707.72923507585,97.0772923507585,135.86505427756,97.0772923507585,0,"L",5.108605,54.8497,202943890,0.922530661061045,0.4,0.5,"L"
"54",1998,91.8850588221,"L zooplankton","Micro","Micro",1,1,0,"Robust",0,6,63411710,0,0,17.55511,45.94252941105,1643.59625266482,16.4359625266482,45.94252941105,16.4359625266482,0,"L",4.815208,19.10246,70679102,0.89717764099493,0.4,0.5,"L"
"54",1996,91.805516925,"L zooplankton","Micro","Micro",1,1,0,"Robust",0,6,63297750,0,0,17.571,45.9027584625,1641.26633739116,16.4126633739116,45.9027584625,16.4126633739116,0,"L",4.815208,19.10246,70679102,0.895565283214832,0.4,0.5,"L"
"54",1995,91.7820114723,"L zooplankton","Micro","Micro",1,1,0,"Robust",0,6,63258345,0,0,17.57649,45.89100573615,1640.57806979165,16.4057806979165,45.89100573615,16.4057806979165,0,"L",4.815208,19.10246,70679102,0.895007763398013,0.4,0.5,"L"
"54",1999,91.92122732554,"L zooplankton","Micro","Micro",1,1,0,"Robust",0,6,63464287,0,0,17.54766,45.96061366277,1644.65611438924,16.4465611438924,45.96061366277,16.4465611438924,0,"L",4.815208,19.10246,70679102,0.897921524243474,0.4,0.5,"L"
"54",1997,91.83922541024,"L zooplankton","Micro","Micro",1,1,0,"Robust",0,6,63351992,0,0,17.56346,45.91961270512,1642.25355815053,16.4225355815053,45.91961270512,16.4225355815053,0,"L",4.815208,19.10246,70679102,0.896332723638736,0.4,0.5,"L"
"54",2000,91.96210058414,"L zooplankton","Micro","Micro",1,1,0,"Robust",0,6,63522377,0,0,17.53937,45.98105029207,1645.85416191024,16.4585416191024,45.98105029207,16.4585416191024,0,"L",4.815208,19.10246,70679102,0.898743407917095,0.4,0.5,"L"
"55",1999,599.1239705748,"Sm zooplankton","Micro","Micro",0.1,0.5,0,"Robust",0,6,110694972,0,0,70.08768,299.5619852874,35446.4174393386,354.464174393386,299.5619852874,299.5619852874,0,"L",19.89819,29.96831,110882747,0.998306544479819,0.4,0.5,"L"
"55",1996,599.3260361035,"Sm zooplankton","Micro","Micro",0.1,0.5,0,"Robust",0,6,110841233,0,0,70.01972,299.66301805175,35466.0017595572,354.660017595572,299.66301805175,299.66301805175,0,"L",19.89819,29.96831,110882747,0.999625604513568,0.4,0.5,"L"
"55",2000,599.0359522892,"Sm zooplankton","Micro","Micro",0.1,0.5,0,"Robust",0,6,110634292,0,0,70.11515,299.5179761446,35437.887968267,354.37887968267,299.5179761446,299.5179761446,0,"L",19.89819,29.96831,110882747,0.997759299740292,0.4,0.5,"L"
"55",1998,599.20049439,"Sm zooplankton","Micro","Micro",0.1,0.5,0,"Robust",0,6,110746550,0,0,70.06407,299.600247195,35453.8336807453,354.538336807453,299.600247195,299.600247195,0,"L",19.89819,29.96831,110882747,0.998771702508416,0.4,0.5,"L"
"55",1997,599.2721447832,"Sm zooplankton","Micro","Micro",0.1,0.5,0,"Robust",0,6,110798646,0,0,70.0398,299.6360723916,35460.7781663351,354.607781663351,299.6360723916,299.6360723916,0,"L",19.89819,29.96831,110882747,0.999241532138449,0.4,0.5,"L"
"55",1995,599.358727591,"Sm zooplankton","Micro","Micro",0.1,0.5,0,"Robust",0,6,110869945,0,0,70.00623,299.6793637955,35469.1706353914,354.691706353914,299.6793637955,299.6793637955,0,"L",19.89819,29.96831,110882747,0.999884544707393,0.4,0.5,"L"
"56",1997,4470.420343554,"Primary producers","Phytoplankton","Phytoplankton",0.01,0.3,0,"Robust",0,6,55510323,0,0,0,2235.210171777,953390.049644707,9533.90049644707,2235.210171777,2235.210171777,0,"L",299.348,14.99998,55499926,1.00018733358311,0.4,0.5,"L"
"56",1999,4470.904059412,"Primary producers","Phytoplankton","Phytoplankton",0.01,0.3,0,"Robust",0,6,55522348,0,0,0,2235.452029706,953559.032042033,9535.59032042033,2235.452029706,2235.452029706,0,"L",299.348,14.99998,55499926,1.00040400053867,0.4,0.5,"L"
"56",1998,4470.66888376,"Primary producers","Phytoplankton","Phytoplankton",0.01,0.3,0,"Robust",0,6,55516502,0,0,0,2235.33444188,953476.873788209,9534.76873788209,2235.33444188,2235.33444188,0,"L",299.348,14.99998,55499926,1.00029866706489,0.4,0.5,"L"
"56",1996,4470.20428218,"Primary producers","Phytoplankton","Phytoplankton",0.01,0.3,0,"Robust",0,6,55504995,0,0,0,2235.10214109,953314.574042084,9533.14574042084,2235.10214109,2235.10214109,0,"L",299.348,14.99998,55499926,1.00009133345511,0.4,0.5,"L"
"56",1995,4470.056258668,"Primary producers","Phytoplankton","Phytoplankton",0.01,0.3,0,"Robust",0,6,55501369,0,0,0,2235.028129334,953262.867097441,9532.62867097441,2235.028129334,2235.028129334,0,"L",299.348,14.99998,55499926,1.00002600003467,0.4,0.5,"L"
"56",2000,4471.174713184,"Primary producers","Phytoplankton","Phytoplankton",0.01,0.3,0,"Robust",0,6,55529008,0,0,0,2235.587356592,953653.587935293,9536.53587935292,2235.587356592,2235.587356592,0,"L",299.348,14.99998,55499926,1.00052400069867,0.4,0.5,"L"
"57",1998,0.0446976048192,"Benthic producer","Macroalgae","Macroalgae",500,7,0,"Habitat",0,2,37314.944,0,0,0,0.0223488024096,0.00615411494978229,6.15411494978229e-05,0.00615411494978229,6.15411494978229e-05,0,"L",4.377555,0.01033625,38244.125,0.975703954528964,0.3,0.6,"L"
"57",1999,0.04467684680992,"Benthic producer","Macroalgae","Macroalgae",500,7,0,"Habitat",0,2,37280.312,0,0,0,0.02233842340496,0.00614943418730163,6.14943418730163e-05,0.00614943418730163,6.14943418730163e-05,0,"L",4.377555,0.01033625,38244.125,0.974798403676382,0.3,0.6,"L"
"57",1997,0.04470739747056,"Benthic producer","Macroalgae","Macroalgae",500,7,0,"Habitat",0,2,37331.298,0,0,0,0.02235369873528,0.00615632359466418,6.15632359466418e-05,0.00615632359466418,6.15632359466418e-05,0,"L",4.377555,0.01033625,38244.125,0.976131575764905,0.3,0.6,"L"
"57",1996,0.04471092105795,"Benthic producer","Macroalgae","Macroalgae",500,7,0,"Habitat",0,2,37337.181,0,0,0,0.022355460528975,0.00615711838378455,6.15711838378455e-05,0.00615711838378455,6.15711838378455e-05,0,"L",4.377555,0.01033625,38244.125,0.976285403313581,0.3,0.6,"L"
"57",1995,0.0447165287856,"Benthic producer","Macroalgae","Macroalgae",500,7,0,"Habitat",0,2,37346.542,0,0,0,0.0223582643928,0.00615838335916527,6.15838335916527e-05,0.00615838335916527,6.15838335916527e-05,0,"L",4.377555,0.01033625,38244.125,0.976530172935059,0.3,0.6,"L"
"57",2000,0.04464833075472,"Benthic producer","Macroalgae","Macroalgae",500,7,0,"Habitat",0,2,37232.804,0,0,0,0.02232416537736,0.00614300631047768,6.14300631047768e-05,0.00614300631047768,6.14300631047768e-05,0,"L",4.377555,0.01033625,38244.125,0.97355617366066,0.3,0.6,"L"
"6",2000,0.06454041644928,"Tuna/billfish","Pelagic","Piscivorous",140,15,0,"Vulnerable",0,1,543384.96,81200.496,80789.2484,6.778969,0.03227020822464,0.0112332242390438,0.000112332242390438,0.0112332242390438,0.000112332242390438,0.02194608,"F",0.2913034,1.0324897,3820211.89,0.142239481904759,0.5,0.7,"F"
"6",1998,0.09574517947384,"Tuna/billfish","Pelagic","Piscivorous",140,15,0,"Vulnerable",0,1,535530.97,193339.948,191882.7289,6.915936,0.04787258973692,0.0214323360879974,0.000214323360879974,0.0214323360879974,0.000214323360879974,0.05225404,"F",0.2913034,1.0324897,3820211.89,0.140183577618256,0.5,0.7,"F"
"6",1996,0.07530005114862,"Tuna/billfish","Pelagic","Piscivorous",140,15,0,"Vulnerable",0,1,591565.99,106289.752,105695.6504,6.718618,0.03765002557431,0.0144607445461413,0.000144607445461413,0.0144607445461413,0.000144607445461413,0.02872696,"F",0.2913034,1.0324897,3820211.89,0.154851617405965,0.5,0.7,"F"
"6",1999,0.05902246773984,"Tuna/billfish","Pelagic","Piscivorous",140,15,0,"Vulnerable",0,1,516424.54,69119.034,68817.59537,6.970297,0.02951123386992,0.00970345601031816,9.70345601031816e-05,0.00970345601031816,9.70345601031816e-05,0.01868082,"F",0.2913034,1.0324897,3820211.89,0.135182171793094,0.5,0.7,"F"
"6",1997,0.07681526921874,"Tuna/billfish","Pelagic","Piscivorous",140,15,0,"Vulnerable",0,1,589247.94,112263.328,111655.8805,6.689044,0.03840763460937,0.0149404300438208,0.000149404300438208,0.0149404300438208,0.000149404300438208,0.03034144,"F",0.2913034,1.0324897,3820211.89,0.154244831691783,0.5,0.7,"F"
"6",1995,0.07464788551698,"Tuna/billfish","Pelagic","Piscivorous",140,15,0,"Vulnerable",0,1,588373.26,104917.681,104326.865,6.765469,0.03732394275849,0.0142561639746511,0.000142561639746511,0.0142561639746511,0.000142561639746511,0.02835613,"F",0.2913034,1.0324897,3820211.89,0.154015870569944,0.5,0.7,"F"
"7",1997,0.0008953777335344,"Pelagic sharks","Pelagic","Piscivorous",400,32,0,"Vulnerable",0,1,16330.6012,1770.1688,1766.5724,1.196123,0.0004476888667672,1.01715304390221e-05,1.01715304390221e-07,1.01715304390221e-05,1.01715304390221e-07,0.000478424,"F",0.08806553,0.01844407,68243.059,0.239300544836362,0.5,0.7,"F"
"7",1996,0.0008281787224104,"Pelagic sharks","Pelagic","Piscivorous",400,32,0,"Vulnerable",0,1,16278.9048,1530.8602,1527.5635,1.197118,0.0004140893612052,8.95132290788549e-06,8.95132290788549e-08,8.95132290788549e-06,8.95132290788549e-08,0.000413746,"F",0.08806553,0.01844407,68243.059,0.238543011385231,0.5,0.7,"F"
"7",2000,0.0007671774183244,"Pelagic sharks","Pelagic","Piscivorous",400,32,0,"Vulnerable",0,1,16341.2572,1300.3761,1297.849,1.193673,0.0003835887091622,7.89694909372219e-06,7.89694909372219e-08,7.89694909372219e-06,7.89694909372219e-08,0.000351453,"F",0.08806553,0.01844407,68243.059,0.239456692584663,0.5,0.7,"F"
"7",1998,0.0010371881043552,"Pelagic sharks","Pelagic","Piscivorous",400,32,0,"Vulnerable",0,1,15961.6779,2318.6457,2309.1441,1.203928,0.0005185940521776,1.29412023956542e-05,1.29412023956542e-07,1.29412023956542e-05,1.29412023956542e-07,0.000626661,"F",0.08806553,0.01844407,68243.059,0.233894525449101,0.5,0.7,"F"
"7",1995,0.0008071884767916,"Pelagic sharks","Pelagic","Piscivorous",400,32,0,"Vulnerable",0,1,16076.3964,1473.969,1470.6797,1.200595,0.0004035942383958,8.58272057711298e-06,8.58272057711298e-08,8.58272057711298e-06,8.58272057711298e-08,0.00039837,"F",0.08806553,0.01844407,68243.059,0.2355755535519,0.5,0.7,"F"
"7",1999,0.000743798145,"Pelagic sharks","Pelagic","Piscivorous",400,32,0,"Vulnerable",0,1,15919.324,1255.7541,1253.8486,1.204436,0.0003718990725,7.50660284227372e-06,7.50660284227372e-08,7.50660284227372e-06,7.50660284227372e-08,0.000339393,"F",0.08806553,0.01844407,68243.059,0.233273892367574,0.5,0.7,"F"
"8",2000,0.2166938926262,"Demersal sharks","Demersal","Piscivorous",199,53,0,"Hub",1,7,4460475.8,77965.66,36341.8995,1.762877,0.1083469463131,0.081680210330442,0.00081680210330442,0.081680210330442,0.00081680210330442,0.0210718,"A",0.1596344,2.322604,8593634.8,0.519044141833907,0.6,0.7,"F"
"8",1996,0.217814956595,"Demersal sharks","Demersal","Piscivorous",199,53,0,"Hub",1,7,4497671.9,71966.406,30483.5896,1.789306,0.1089074782975,0.082373524644416,0.00082373524644416,0.082373524644416,0.00082373524644416,0.01945038,"A",0.1596344,2.322604,8593634.8,0.523372473310129,0.6,0.7,"F"
"8",1995,0.2173760350335,"Demersal sharks","Demersal","Piscivorous",199,53,0,"Hub",1,7,4496998.5,70026.792,32028.7096,1.794643,0.10868801751675,0.0821018047525907,0.000821018047525907,0.0821018047525907,0.000821018047525907,0.01892616,"A",0.1596344,2.322604,8593634.8,0.523294112986975,0.6,0.7,"F"
"8",1997,0.2189455568892,"Demersal sharks","Demersal","Piscivorous",199,53,0,"Hub",1,7,4492702.8,77646.202,34649.4566,1.784025,0.1094727784446,0.083075046185357,0.00083075046185357,0.083075046185357,0.00083075046185357,0.02098546,"A",0.1596344,2.322604,8593634.8,0.522794243013445,0.6,0.7,"F"
"8",1998,0.2176588748742,"Demersal sharks","Demersal","Piscivorous",199,53,0,"Hub",1,7,4484540.6,75351.98,32472.0029,1.776981,0.1088294374371,0.0822768602357798,0.000822768602357798,0.0822768602357798,0.000822768602357798,0.0203654,"A",0.1596344,2.322604,8593634.8,0.521844447008616,0.6,0.7,"F"
"8",1999,0.2172736939758,"Demersal sharks","Demersal","Piscivorous",199,53,0,"Hub",1,7,4474339.7,76656.97,35387.392,1.768972,0.1086368469879,0.0820384995204051,0.000820384995204051,0.0820384995204051,0.000820384995204051,0.0207181,"A",0.1596344,2.322604,8593634.8,0.520657417278193,0.6,0.7,"F"
"9",1996,0.4204440521504,"Rays","Demersal","Piscivorous",201.1,51,0,"Vulnerable",0,1,4443433.6,50378.164,6138.1705,3.500059,0.2102220260752,0.241898988862009,0.00241898988862009,0.2102220260752,0.00241898988862009,0.01361572,"A",0.3365974,1.964376,7268191.2,0.611353427246108,0.5,0.7,"A"
"9",2000,0.419088695294,"Rays","Demersal","Piscivorous",201.1,51,0,"Vulnerable",0,1,4446734,48822.018,6601.7879,3.501674,0.209544347647,0.240623001453362,0.00240623001453362,0.209544347647,0.00240623001453362,0.01319514,"A",0.3365974,1.964376,7268191.2,0.611807515465471,0.5,0.7,"A"
"9",1997,0.420716485736,"Rays","Demersal","Piscivorous",201.1,51,0,"Vulnerable",0,1,4442826.8,52422.599,6319.6259,3.502108,0.210358242868,0.242155785974829,0.00242155785974829,0.210358242868,0.00242155785974829,0.01416827,"A",0.3365974,1.964376,7268191.2,0.611269940174386,0.5,0.7,"A"
"9",1998,0.4207783604172,"Rays","Demersal","Piscivorous",201.1,51,0,"Vulnerable",0,1,4442175.6,54056.889,5807.7346,3.502999,0.2103891802086,0.24221412411319,0.00242214124113191,0.2103891802086,0.00242214124113191,0.01460997,"A",0.3365974,1.964376,7268191.2,0.611180344292539,0.5,0.7,"A"
"9",1995,0.4191202965568,"Rays","Demersal","Piscivorous",201.1,51,0,"Vulnerable",0,1,4442112.7,45591.659,5787.3291,3.499457,0.2095601482784,0.240652722217757,0.00240652722217757,0.2095601482784,0.00240652722217757,0.01232207,"A",0.3365974,1.964376,7268191.2,0.61117169014486,0.5,0.7,"A"
"9",1999,0.4201348538091,"Rays","Demersal","Piscivorous",201.1,51,0,"Vulnerable",0,1,4442734.3,52623.99,5553.4669,3.502218,0.21006742690455,0.241607665717979,0.00241607665717979,0.21006742690455,0.00241607665717979,0.0142227,"A",0.3365974,1.964376,7268191.2,0.611257213486624,0.5,0.7,"A"
