<HEADER software/>,,,
EwEVersion,6.7.0.17300 (compiled 6/04/2021),,
Date,29/6/2021 16:45,,
<HEADER ecopath/>,,,
ModelName,SEF2021,,
<HEADER ecosim/>,,,
EcosimScenario,base model 2B,,
TimeSeries,Time Series SEF2020rev,,
StartYear,1994,,
<HEADER end/>,,,
,,,
Data,MortFleetGroup,,
,,,
year,fleet,group,value
1994,1,3,0.01091421
1994,1,8,0.004752592
1994,1,9,0.003550583
1994,1,10,0.06524878
1994,1,11,4.43E-06
1994,1,12,0.01371509
1994,1,13,0.03330472
1994,1,14,0.02791537
1994,1,15,0.002320417
1994,1,16,0.01747647
1994,1,17,0.06556839
1994,1,18,0.02735
1994,1,19,0.03744891
1994,1,20,0.09601939
1994,1,21,0.000155455
1994,1,22,1.67E-06
1994,1,23,3.78E-06
1994,1,24,0.002319532
1994,1,25,0.000145659
1994,1,26,0.005277623
1994,1,27,0.003250045
1994,1,29,0.01037907
1994,1,30,0.00652653
1994,1,31,0.03218811
1994,1,32,0.03662297
1994,1,33,0.005346504
1994,1,34,0.05672568
1994,1,35,0.001381982
1994,1,36,0.00557385
1994,1,37,0.003383875
1994,1,38,0.002754882
1994,1,39,7.02E-08
1994,1,40,0.05245555
1994,1,42,0.000558779
1994,1,43,3.96E-05
1994,1,46,2.13E-08
1994,1,47,0.00114838
1994,1,49,2.43E-05
1994,1,50,0.000979971
1994,1,52,4.45E-06
1994,2,6,0.003173296
1994,2,8,0.004663046
1994,2,9,4.21E-07
1994,2,10,0.008630335
1994,2,12,1.02E-07
1994,2,13,0.001533034
1994,2,14,4.05E-05
1994,2,15,0.001306333
1994,2,16,2.83E-06
1994,2,17,1.49E-05
1994,2,18,5.15E-05
1994,2,22,5.82E-08
1994,2,24,6.19E-06
1994,2,26,0.000376885
1994,2,27,0.001649432
1994,2,28,5.59E-05
1994,2,29,0.000216705
1994,2,30,0.01179388
1994,2,31,0.000190941
1994,2,37,8.42E-08
1994,2,38,0.000142815
1994,2,40,0.000366667
1994,2,41,0.008030264
1994,2,42,0.000270229
1994,2,43,0.04831139
1994,2,45,6.34E-05
1994,2,47,4.70E-06
1994,2,48,2.23E-06
1994,2,50,1.29E-07
1994,3,6,0.09267994
1994,3,7,0.02011204
1994,3,8,0.00010428
1994,3,9,3.03E-06
1994,3,13,0.001221348
1994,3,16,3.26E-07
1994,3,17,3.34E-07
1994,3,18,9.47E-05
1994,3,19,0.000494605
1994,3,24,9.73E-06
1994,3,25,9.88E-08
1994,3,26,4.58E-05
1994,3,27,0.005440515
1994,3,28,3.56E-05
1994,3,29,8.19E-05
1994,3,30,0.01398775
1994,3,31,6.70E-07
1994,3,40,0.001948611
1994,3,41,2.42E-06
1994,3,42,6.03E-05
1994,3,43,0.000767857
1994,3,45,0.000185801
1994,3,47,3.31E-07
1994,4,3,0.000801225
1994,4,6,6.32E-07
1994,4,7,0.000162381
1994,4,8,0.001340905
1994,4,9,0.000287333
1994,4,10,5.04E-05
1994,4,12,6.04E-05
1994,4,13,6.79E-05
1994,4,14,0.001676024
1994,4,15,1.21E-05
1994,4,16,0.000595941
1994,4,17,0.006384288
1994,4,18,0.000881818
1994,4,19,0.000734458
1994,4,20,0.000153847
1994,4,21,1.14E-05
1994,4,22,1.82E-05
1994,4,23,3.37E-05
1994,4,24,5.61E-06
1994,4,25,2.21E-06
1994,4,26,5.57E-05
1994,4,27,0.001864871
1994,4,28,0.000318627
1994,4,29,0.006832016
1994,4,40,4.72E-05
1994,4,42,3.51E-05
1994,4,43,0.000908772
1994,4,45,7.69E-06
1994,4,47,0.00010269
1994,4,48,0.000160659
1994,4,49,1.62E-05
1994,4,50,0.000141628
1994,4,52,4.45E-06
1994,5,3,0.000385784
1994,5,8,0.000202634
1994,5,9,5.00E-05
1994,5,10,0.002933
1994,5,12,0.000107701
1994,5,13,0.004310336
1994,5,14,0.001817018
1994,5,15,8.93E-06
1994,5,16,1.62E-05
1994,5,17,0.002954583
1994,5,18,0.000621212
1994,5,19,0.001524534
1994,5,20,7.69E-05
1994,5,21,5.49E-06
1994,5,22,2.28E-06
1994,5,23,1.20E-06
1994,5,24,6.30E-08
1994,5,25,2.58E-06
1994,5,26,0.000879244
1994,5,27,0.00037272
1994,5,29,0.000191783
1994,5,30,0.000102041
1994,5,31,0.002775271
1994,5,33,0.000136778
1994,5,47,0.000127443
1994,5,48,3.62E-05
1994,5,49,1.30E-05
1994,5,50,0.000185843
1994,5,52,4.00E-07
1994,6,50,0.000446246
1994,7,47,1.63E-06
1994,8,8,1.65E-07
1994,8,13,0.001146067
1994,8,16,6.46E-06
1994,8,24,5.24E-07
1994,8,27,0.000867485
1994,8,29,1.94E-07
1994,8,47,3.55E-06
1994,8,50,1.13E-05
1994,9,8,0.004523292
1994,9,9,0.007067
1994,9,10,0.000186333
1994,9,12,5.03E-07
1994,9,13,0.000175506
1994,9,14,0.001003872
1994,9,15,1.06E-05
1994,9,16,0.00030244
1994,9,17,0.03331836
1994,9,18,7.65E-05
1994,9,19,2.93E-05
1994,9,20,0.003846161
1994,9,21,0.000116462
1994,9,22,0.004000474
1994,9,24,0.001895528
1994,9,25,4.19E-06
1994,9,26,0.005121936
1994,9,27,0.001594458
1994,9,28,0.000323529
1994,9,29,1.98E-05
1994,9,30,6.12E-06
1994,9,35,2.25E-05
1994,9,40,1.11E-05
1994,9,42,1.37E-05
1994,9,43,4.69E-05
1994,9,45,1.28E-06
1994,10,6,0.03909963
1994,10,7,0.05497848
1994,10,8,9.96E-06
1994,10,29,8.64E-05
1994,10,43,9.67E-05
1994,10,45,0.000281904
1994,11,6,0.05362932
1994,11,7,0.03041928
1994,11,8,0.001058287
1994,11,9,0.000130336
1994,11,10,0.00040017
1994,11,12,2.25E-05
1994,11,15,1.75E-05
1994,11,17,0.01804997
1994,11,24,5.60E-05
1994,11,25,5.15E-06
1994,11,26,0.000932537
1994,11,27,0.000498022
1994,11,28,0.001779431
1994,11,29,0.00182834
1994,11,38,3.58E-06
1994,11,41,4.75E-06
1994,11,42,0.003244145
1994,11,43,0.02119762
1994,11,45,0.0397853
1994,11,47,9.73E-05
1994,12,11,4.43E-06
1994,12,15,1.67E-06
1994,12,41,1.38E-06
1995,1,3,0.01069207
1995,1,8,0.004655861
1995,1,9,0.003478317
1995,1,10,0.06392074
1995,1,11,4.34E-06
1995,1,12,0.01343594
1995,1,13,0.03262686
1995,1,14,0.0273472
1995,1,15,0.002273188
1995,1,16,0.01712077
1995,1,17,0.06423386
1995,1,18,0.02679333
1995,1,19,0.03668669
1995,1,20,0.09406509
1995,1,21,0.000152291
1995,1,22,1.64E-06
1995,1,23,3.70E-06
1995,1,24,0.002272321
1995,1,25,0.000142694
1995,1,26,0.005170206
1995,1,27,0.003183896
1995,1,29,0.01016782
1995,1,30,0.006393694
1995,1,31,0.03153298
1995,1,32,0.03587756
1995,1,33,0.005237684
1995,1,34,0.05557114
1995,1,35,0.001353854
1995,1,36,0.005460403
1995,1,37,0.003315001
1995,1,38,0.002698811
1995,1,39,6.88E-08
1995,1,40,0.05138791
1995,1,42,0.000547406
1995,1,43,3.87E-05
1995,1,46,2.09E-08
1995,1,47,0.001125007
1995,1,49,2.38E-05
1995,1,50,0.000960025
1995,1,52,4.35E-06
1995,2,6,0.002855966
1995,2,8,0.004196741
1995,2,9,3.79E-07
1995,2,10,0.0077673
1995,2,12,9.15E-08
1995,2,13,0.00137973
1995,2,14,3.65E-05
1995,2,15,0.0011757
1995,2,16,2.55E-06
1995,2,17,1.34E-05
1995,2,18,4.64E-05
1995,2,22,5.24E-08
1995,2,24,5.57E-06
1995,2,26,0.000339197
1995,2,27,0.001484489
1995,2,28,5.03E-05
1995,2,29,0.000195035
1995,2,30,0.01061449
1995,2,31,0.000171847
1995,2,37,7.57E-08
1995,2,38,0.000128534
1995,2,40,0.00033
1995,2,41,0.007227235
1995,2,42,0.000243206
1995,2,43,0.04348025
1995,2,45,5.71E-05
1995,2,47,4.23E-06
1995,2,48,2.01E-06
1995,2,50,1.16E-07
1995,3,6,0.09267994
1995,3,7,0.02011204
1995,3,8,0.00010428
1995,3,9,3.03E-06
1995,3,13,0.001221348
1995,3,16,3.26E-07
1995,3,17,3.34E-07
1995,3,18,9.47E-05
1995,3,19,0.000494605
1995,3,24,9.73E-06
1995,3,25,9.88E-08
1995,3,26,4.58E-05
1995,3,27,0.005440515
1995,3,28,3.56E-05
1995,3,29,8.19E-05
1995,3,30,0.01398775
1995,3,31,6.70E-07
1995,3,40,0.001948611
1995,3,41,2.42E-06
1995,3,42,6.03E-05
1995,3,43,0.000767857
1995,3,45,0.000185801
1995,3,47,3.31E-07
1995,4,3,0.000801226
1995,4,6,6.32E-07
1995,4,7,0.000162381
1995,4,8,0.001340905
1995,4,9,0.000287333
1995,4,10,5.04E-05
1995,4,12,6.04E-05
1995,4,13,6.79E-05
1995,4,14,0.001676024
1995,4,15,1.21E-05
1995,4,16,0.000595941
1995,4,17,0.006384288
1995,4,18,0.000881818
1995,4,19,0.000734458
1995,4,20,0.000153847
1995,4,21,1.14E-05
1995,4,22,1.82E-05
1995,4,23,3.37E-05
1995,4,24,5.61E-06
1995,4,25,2.21E-06
1995,4,26,5.57E-05
1995,4,27,0.001864871
1995,4,28,0.000318628
1995,4,29,0.006832016
1995,4,40,4.72E-05
1995,4,42,3.51E-05
1995,4,43,0.000908772
1995,4,45,7.69E-06
1995,4,47,0.00010269
1995,4,48,0.000160659
1995,4,49,1.62E-05
1995,4,50,0.000141628
1995,4,52,4.45E-06
1995,5,3,0.00030477
1995,5,8,0.000160081
1995,5,9,3.95E-05
1995,5,10,0.00231707
1995,5,12,8.51E-05
1995,5,13,0.003405166
1995,5,14,0.001435444
1995,5,15,7.06E-06
1995,5,16,1.28E-05
1995,5,17,0.002334121
1995,5,18,0.000490758
1995,5,19,0.001204382
1995,5,20,6.08E-05
1995,5,21,4.34E-06
1995,5,22,1.80E-06
1995,5,23,9.46E-07
1995,5,24,4.98E-08
1995,5,25,2.04E-06
1995,5,26,0.000694603
1995,5,27,0.000294448
1995,5,29,0.000151509
1995,5,30,8.06E-05
1995,5,31,0.002192464
1995,5,33,0.000108055
1995,5,47,0.00010068
1995,5,48,2.86E-05
1995,5,49,1.03E-05
1995,5,50,0.000146816
1995,5,52,3.16E-07
1995,8,8,1.96E-07
1995,8,13,0.00136382
1995,8,16,7.69E-06
1995,8,24,6.24E-07
1995,8,27,0.001032308
1995,8,29,2.31E-07
1995,8,47,4.23E-06
1995,8,50,1.35E-05
1995,9,8,0.004048123
1995,9,9,0.006324612
1995,9,10,0.000166759
1995,9,12,4.51E-07
1995,9,13,0.000157069
1995,9,14,0.000898415
1995,9,15,9.46E-06
1995,9,16,0.000270669
1995,9,17,0.02981828
1995,9,18,6.85E-05
1995,9,19,2.62E-05
1995,9,20,0.003442123
1995,9,21,0.000104227
1995,9,22,0.003580227
1995,9,24,0.001696403
1995,9,25,3.75E-06
1995,9,26,0.00458388
1995,9,27,0.001426961
1995,9,28,0.000289543
1995,9,29,1.78E-05
1995,9,30,5.48E-06
1995,9,35,2.02E-05
1995,9,40,9.94E-06
1995,9,42,1.23E-05
1995,9,43,4.20E-05
1995,9,45,1.15E-06
1995,10,6,0.02915237
1995,10,7,0.04099151
1995,10,8,7.43E-06
1995,10,29,6.44E-05
1995,10,43,7.21E-05
1995,10,45,0.000210186
1995,11,6,0.05362931
1995,11,7,0.03041929
1995,11,8,0.001058287
1995,11,9,0.000130336
1995,11,10,0.00040017
1995,11,12,2.25E-05
1995,11,15,1.75E-05
1995,11,17,0.01804997
1995,11,24,5.60E-05
1995,11,25,5.15E-06
1995,11,26,0.000932537
1995,11,27,0.000498022
1995,11,28,0.001779431
1995,11,29,0.00182834
1995,11,38,3.58E-06
1995,11,41,4.75E-06
1995,11,42,0.003244145
1995,11,43,0.02119762
1995,11,45,0.0397853
1995,11,47,9.73E-05
1995,12,11,4.43E-06
1995,12,15,1.67E-06
1995,12,41,1.38E-06
1996,1,3,0.01146912
1996,1,8,0.004994224
1996,1,9,0.003731102
1996,1,10,0.06856615
1996,1,11,4.65E-06
1996,1,12,0.01441239
1996,1,13,0.034998
1996,1,14,0.02933464
1996,1,15,0.002438392
1996,1,16,0.01836501
1996,1,17,0.06890202
1996,1,18,0.02874053
1996,1,19,0.03935289
1996,1,20,0.1009012
1996,1,21,0.000163358
1996,1,22,1.76E-06
1996,1,23,3.97E-06
1996,1,24,0.002437461
1996,1,25,0.000153065
1996,1,26,0.005545948
1996,1,27,0.003415285
1996,1,29,0.01090676
1996,1,30,0.006858353
1996,1,31,0.03382462
1996,1,32,0.03848496
1996,1,33,0.005618332
1996,1,34,0.05960975
1996,1,35,0.001452245
1996,1,36,0.005857236
1996,1,37,0.003555917
1996,1,38,0.002894946
1996,1,39,7.38E-08
1996,1,40,0.0551225
1996,1,42,0.000587188
1996,1,43,4.16E-05
1996,1,46,2.24E-08
1996,1,47,0.001206766
1996,1,49,2.56E-05
1996,1,50,0.001029794
1996,1,52,4.67E-06
1996,2,6,0.002538637
1996,2,8,0.003730436
1996,2,9,3.37E-07
1996,2,10,0.006904267
1996,2,12,8.14E-08
1996,2,13,0.001226427
1996,2,14,3.24E-05
1996,2,15,0.001045067
1996,2,16,2.27E-06
1996,2,17,1.19E-05
1996,2,18,4.12E-05
1996,2,22,4.65E-08
1996,2,24,4.95E-06
1996,2,26,0.000301508
1996,2,27,0.001319546
1996,2,28,4.47E-05
1996,2,29,0.000173364
1996,2,30,0.009435101
1996,2,31,0.000152753
1996,2,37,6.73E-08
1996,2,38,0.000114252
1996,2,40,0.000293333
1996,2,41,0.006424211
1996,2,42,0.000216183
1996,2,43,0.03864912
1996,2,45,5.07E-05
1996,2,47,3.76E-06
1996,2,48,1.79E-06
1996,2,50,1.03E-07
1996,3,6,0.09267995
1996,3,7,0.02011204
1996,3,8,0.00010428
1996,3,9,3.03E-06
1996,3,13,0.001221348
1996,3,16,3.26E-07
1996,3,17,3.34E-07
1996,3,18,9.47E-05
1996,3,19,0.000494605
1996,3,24,9.73E-06
1996,3,25,9.88E-08
1996,3,26,4.58E-05
1996,3,27,0.005440515
1996,3,28,3.56E-05
1996,3,29,8.19E-05
1996,3,30,0.01398775
1996,3,31,6.70E-07
1996,3,40,0.001948611
1996,3,41,2.42E-06
1996,3,42,6.03E-05
1996,3,43,0.000767857
1996,3,45,0.000185801
1996,3,47,3.31E-07
1996,4,3,0.000801225
1996,4,6,6.32E-07
1996,4,7,0.000162381
1996,4,8,0.001340905
1996,4,9,0.000287333
1996,4,10,5.04E-05
1996,4,12,6.04E-05
1996,4,13,6.79E-05
1996,4,14,0.001676024
1996,4,15,1.21E-05
1996,4,16,0.000595941
1996,4,17,0.006384288
1996,4,18,0.000881818
1996,4,19,0.000734458
1996,4,20,0.000153846
1996,4,21,1.14E-05
1996,4,22,1.82E-05
1996,4,23,3.37E-05
1996,4,24,5.61E-06
1996,4,25,2.21E-06
1996,4,26,5.57E-05
1996,4,27,0.001864871
1996,4,28,0.000318627
1996,4,29,0.006832016
1996,4,40,4.72E-05
1996,4,42,3.51E-05
1996,4,43,0.000908772
1996,4,45,7.69E-06
1996,4,47,0.00010269
1996,4,48,0.000160659
1996,4,49,1.62E-05
1996,4,50,0.000141628
1996,4,52,4.45E-06
1996,5,3,0.000374211
1996,5,8,0.000196555
1996,5,9,4.85E-05
1996,5,10,0.00284501
1996,5,12,0.00010447
1996,5,13,0.004181027
1996,5,14,0.001762507
1996,5,15,8.67E-06
1996,5,16,1.57E-05
1996,5,17,0.002865946
1996,5,18,0.000602576
1996,5,19,0.001478798
1996,5,20,7.46E-05
1996,5,21,5.33E-06
1996,5,22,2.22E-06
1996,5,23,1.16E-06
1996,5,24,6.11E-08
1996,5,25,2.50E-06
1996,5,26,0.000852867
1996,5,27,0.000361538
1996,5,29,0.00018603
1996,5,30,9.90E-05
1996,5,31,0.002692014
1996,5,33,0.000132675
1996,5,47,0.00012362
1996,5,48,3.51E-05
1996,5,49,1.26E-05
1996,5,50,0.000180267
1996,5,52,3.88E-07
1996,6,50,0.000653281
1996,8,8,1.68E-07
1996,8,13,0.001168989
1996,8,16,6.59E-06
1996,8,24,5.35E-07
1996,8,27,0.000884835
1996,8,29,1.98E-07
1996,8,47,3.62E-06
1996,8,50,1.16E-05
1996,9,8,0.004568109
1996,9,9,0.007137017
1996,9,10,0.00018818
1996,9,12,5.08E-07
1996,9,13,0.000177245
1996,9,14,0.001013818
1996,9,15,1.07E-05
1996,9,16,0.000305437
1996,9,17,0.03364848
1996,9,18,7.73E-05
1996,9,19,2.96E-05
1996,9,20,0.003884268
1996,9,21,0.000117616
1996,9,22,0.004040111
1996,9,24,0.001914309
1996,9,25,4.23E-06
1996,9,26,0.005172684
1996,9,27,0.001610256
1996,9,28,0.000326735
1996,9,29,2.00E-05
1996,9,30,6.18E-06
1996,9,35,2.27E-05
1996,9,40,1.12E-05
1996,9,42,1.39E-05
1996,9,43,4.73E-05
1996,9,45,1.29E-06
1996,10,6,0.03082666
1996,10,7,0.04334575
1996,10,8,7.85E-06
1996,10,29,6.81E-05
1996,10,43,7.62E-05
1996,10,45,0.000222257
1996,11,6,0.05362932
1996,11,7,0.03041928
1996,11,8,0.001058287
1996,11,9,0.000130336
1996,11,10,0.00040017
1996,11,12,2.25E-05
1996,11,15,1.75E-05
1996,11,17,0.01804997
1996,11,24,5.60E-05
1996,11,25,5.15E-06
1996,11,26,0.000932538
1996,11,27,0.000498022
1996,11,28,0.001779431
1996,11,29,0.00182834
1996,11,38,3.58E-06
1996,11,41,4.75E-06
1996,11,42,0.003244145
1996,11,43,0.02119762
1996,11,45,0.0397853
1996,11,47,9.73E-05
1996,12,11,4.43E-06
1996,12,15,1.67E-06
1996,12,41,1.38E-06
1997,1,3,0.01202218
1997,1,8,0.005235057
1997,1,9,0.003911024
1997,1,10,0.07187258
1997,1,11,4.87E-06
1997,1,12,0.01510739
1997,1,13,0.03668568
1997,1,14,0.03074923
1997,1,15,0.002555976
1997,1,16,0.01925061
1997,1,17,0.07222464
1997,1,18,0.03012646
1997,1,19,0.04125058
1997,1,20,0.1057669
1997,1,21,0.000171236
1997,1,22,1.84E-06
1997,1,23,4.17E-06
1997,1,24,0.002555001
1997,1,25,0.000160446
1997,1,26,0.005813387
1997,1,27,0.003579978
1997,1,29,0.01143271
1997,1,30,0.007189078
1997,1,31,0.03545573
1997,1,32,0.04034078
1997,1,33,0.00588926
1997,1,34,0.06248426
1997,1,35,0.001522275
1997,1,36,0.006139684
1997,1,37,0.003727392
1997,1,38,0.003034547
1997,1,39,7.74E-08
1997,1,40,0.05778063
1997,1,42,0.000615504
1997,1,43,4.36E-05
1997,1,46,2.35E-08
1997,1,47,0.001264959
1997,1,49,2.68E-05
1997,1,50,0.001079453
1997,1,52,4.90E-06
1997,2,6,0.003173296
1997,2,8,0.004663046
1997,2,9,4.21E-07
1997,2,10,0.008630334
1997,2,12,1.02E-07
1997,2,13,0.001533034
1997,2,14,4.05E-05
1997,2,15,0.001306333
1997,2,16,2.83E-06
1997,2,17,1.49E-05
1997,2,18,5.15E-05
1997,2,22,5.82E-08
1997,2,24,6.19E-06
1997,2,26,0.000376885
1997,2,27,0.001649432
1997,2,28,5.59E-05
1997,2,29,0.000216705
1997,2,30,0.01179388
1997,2,31,0.000190941
1997,2,37,8.42E-08
1997,2,38,0.000142815
1997,2,40,0.000366667
1997,2,41,0.008030264
1997,2,42,0.000270229
1997,2,43,0.0483114
1997,2,45,6.34E-05
1997,2,47,4.70E-06
1997,2,48,2.23E-06
1997,2,50,1.29E-07
1997,3,6,0.09267996
1997,3,7,0.02011204
1997,3,8,0.00010428
1997,3,9,3.03E-06
1997,3,13,0.001221348
1997,3,16,3.26E-07
1997,3,17,3.34E-07
1997,3,18,9.47E-05
1997,3,19,0.000494605
1997,3,24,9.73E-06
1997,3,25,9.88E-08
1997,3,26,4.58E-05
1997,3,27,0.005440515
1997,3,28,3.56E-05
1997,3,29,8.19E-05
1997,3,30,0.01398775
1997,3,31,6.70E-07
1997,3,40,0.001948611
1997,3,41,2.42E-06
1997,3,42,6.03E-05
1997,3,43,0.000767857
1997,3,45,0.000185801
1997,3,47,3.31E-07
1997,4,3,0.000801225
1997,4,6,6.32E-07
1997,4,7,0.000162381
1997,4,8,0.001340905
1997,4,9,0.000287333
1997,4,10,5.04E-05
1997,4,12,6.04E-05
1997,4,13,6.79E-05
1997,4,14,0.001676024
1997,4,15,1.21E-05
1997,4,16,0.000595941
1997,4,17,0.006384288
1997,4,18,0.000881818
1997,4,19,0.000734458
1997,4,20,0.000153846
1997,4,21,1.14E-05
1997,4,22,1.82E-05
1997,4,23,3.37E-05
1997,4,24,5.61E-06
1997,4,25,2.21E-06
1997,4,26,5.57E-05
1997,4,27,0.001864871
1997,4,28,0.000318627
1997,4,29,0.006832016
1997,4,40,4.72E-05
1997,4,42,3.51E-05
1997,4,43,0.000908772
1997,4,45,7.69E-06
1997,4,47,0.00010269
1997,4,48,0.000160659
1997,4,49,1.62E-05
1997,4,50,0.000141628
1997,4,52,4.45E-06
1997,5,3,0.000204466
1997,5,8,0.000107396
1997,5,9,2.65E-05
1997,5,10,0.00155449
1997,5,12,5.71E-05
1997,5,13,0.002284478
1997,5,14,0.000963019
1997,5,15,4.73E-06
1997,5,16,8.56E-06
1997,5,17,0.001565929
1997,5,18,0.000329243
1997,5,19,0.000808003
1997,5,20,4.08E-05
1997,5,21,2.91E-06
1997,5,22,1.21E-06
1997,5,23,6.35E-07
1997,5,24,3.34E-08
1997,5,25,1.37E-06
1997,5,26,0.000465999
1997,5,27,0.000197541
1997,5,29,0.000101645
1997,5,30,5.41E-05
1997,5,31,0.001470894
1997,5,33,7.25E-05
1997,5,47,6.75E-05
1997,5,48,1.92E-05
1997,5,49,6.88E-06
1997,5,50,9.85E-05
1997,5,52,2.12E-07
1997,6,50,0.000503595
1997,7,47,1.63E-06
1997,8,8,8.23E-07
1997,8,13,0.005730338
1997,8,16,3.23E-05
1997,8,24,2.62E-06
1997,8,27,0.004337427
1997,8,29,9.69E-07
1997,8,47,1.78E-05
1997,8,50,5.67E-05
1997,9,8,0.004762497
1997,9,9,0.007440723
1997,9,10,0.000196187
1997,9,12,5.30E-07
1997,9,13,0.000184787
1997,9,14,0.001056959
1997,9,15,1.11E-05
1997,9,16,0.000318434
1997,9,17,0.03508034
1997,9,18,8.06E-05
1997,9,19,3.08E-05
1997,9,20,0.004049558
1997,9,21,0.000122621
1997,9,22,0.004212033
1997,9,24,0.001995769
1997,9,25,4.41E-06
1997,9,26,0.005392801
1997,9,27,0.001678778
1997,9,28,0.000340639
1997,9,29,2.09E-05
1997,9,30,6.45E-06
1997,9,35,2.37E-05
1997,9,40,1.17E-05
1997,9,42,1.45E-05
1997,9,43,4.94E-05
1997,9,45,1.35E-06
1997,10,6,0.04103655
1997,10,7,0.057702
1997,10,8,1.05E-05
1997,10,29,9.07E-05
1997,10,43,0.000101467
1997,10,45,0.000295869
1997,11,6,0.05362932
1997,11,7,0.03041928
1997,11,8,0.001058287
1997,11,9,0.000130336
1997,11,10,0.00040017
1997,11,12,2.25E-05
1997,11,15,1.75E-05
1997,11,17,0.01804997
1997,11,24,5.60E-05
1997,11,25,5.15E-06
1997,11,26,0.000932538
1997,11,27,0.000498022
1997,11,28,0.001779431
1997,11,29,0.001828341
1997,11,38,3.58E-06
1997,11,41,4.75E-06
1997,11,42,0.003244146
1997,11,43,0.02119762
1997,11,45,0.0397853
1997,11,47,9.73E-05
1997,12,11,4.43E-06
1997,12,15,1.67E-06
1997,12,41,1.38E-06
1998,1,3,0.01047267
1998,1,8,0.004560323
1998,1,9,0.003406942
1998,1,10,0.06260909
1998,1,11,4.25E-06
1998,1,12,0.01316024
1998,1,13,0.03195736
1998,1,14,0.02678603
1998,1,15,0.002226543
1998,1,16,0.01676945
1998,1,17,0.06291579
1998,1,18,0.02624354
1998,1,19,0.03593389
1998,1,20,0.09213489
1998,1,21,0.000149166
1998,1,22,1.60E-06
1998,1,23,3.63E-06
1998,1,24,0.002225694
1998,1,25,0.000139766
1998,1,26,0.005064114
1998,1,27,0.003118563
1998,1,29,0.009959177
1998,1,30,0.006262496
1998,1,31,0.03088593
1998,1,32,0.03514136
1998,1,33,0.005130209
1998,1,34,0.05443082
1998,1,35,0.001326073
1998,1,36,0.005348355
1998,1,37,0.003246978
1998,1,38,0.002643432
1998,1,39,6.74E-08
1998,1,40,0.05033344
1998,1,42,0.000536173
1998,1,43,3.80E-05
1998,1,46,2.05E-08
1998,1,47,0.001101922
1998,1,49,2.33E-05
1998,1,50,0.000940325
1998,1,52,4.27E-06
1998,2,6,0.002677953
1998,2,8,0.003935155
1998,2,9,3.55E-07
1998,2,10,0.00728316
1998,2,12,8.58E-08
1998,2,13,0.001293731
1998,2,14,3.42E-05
1998,2,15,0.001102418
1998,2,16,2.39E-06
1998,2,17,1.26E-05
1998,2,18,4.35E-05
1998,2,22,4.91E-08
1998,2,24,5.22E-06
1998,2,26,0.000318054
1998,2,27,0.00139196
1998,2,28,4.72E-05
1998,2,29,0.000182878
1998,2,30,0.009952881
1998,2,31,0.000161136
1998,2,37,7.10E-08
1998,2,38,0.000120522
1998,2,40,0.000309431
1998,2,41,0.006776758
1998,2,42,0.000228047
1998,2,43,0.04077011
1998,2,45,5.35E-05
1998,2,47,3.96E-06
1998,2,48,1.88E-06
1998,2,50,1.09E-07
1998,3,6,0.2639099
1998,3,7,0.05726986
1998,3,8,0.000296941
1998,3,9,8.64E-06
1998,3,13,0.003477839
1998,3,16,9.29E-07
1998,3,17,9.51E-07
1998,3,18,0.000269654
1998,3,19,0.001408407
1998,3,24,2.77E-05
1998,3,25,2.81E-07
1998,3,26,0.000130364
1998,3,27,0.01549209
1998,3,28,0.000101507
1998,3,29,0.000233101
1998,3,30,0.03983071
1998,3,31,1.91E-06
1998,3,40,0.005548749
1998,3,41,6.88E-06
1998,3,42,0.000171722
1998,3,43,0.002186503
1998,3,45,0.000529074
1998,3,47,9.42E-07
1998,4,3,0.000963244
1998,4,6,7.59E-07
1998,4,7,0.000195217
1998,4,8,0.001612054
1998,4,9,0.000345436
1998,4,10,6.06E-05
1998,4,12,7.27E-05
1998,4,13,8.16E-05
1998,4,14,0.002014938
1998,4,15,1.46E-05
1998,4,16,0.000716448
1998,4,17,0.007675275
1998,4,18,0.001060133
1998,4,19,0.000882975
1998,4,20,0.000184956
1998,4,21,1.37E-05
1998,4,22,2.19E-05
1998,4,23,4.05E-05
1998,4,24,6.74E-06
1998,4,25,2.66E-06
1998,4,26,6.70E-05
1998,4,27,0.002241971
1998,4,28,0.000383058
1998,4,29,0.008213538
1998,4,40,5.68E-05
1998,4,42,4.22E-05
1998,4,43,0.001092537
1998,4,45,9.24E-06
1998,4,47,0.000123455
1998,4,48,0.000193146
1998,4,49,1.95E-05
1998,4,50,0.000170267
1998,4,52,5.34E-06
1998,5,3,6.94E-05
1998,5,8,3.65E-05
1998,5,9,9.00E-06
1998,5,10,0.00052794
1998,5,12,1.94E-05
1998,5,13,0.000775861
1998,5,14,0.000327063
1998,5,15,1.61E-06
1998,5,16,2.91E-06
1998,5,17,0.000531825
1998,5,18,0.000111818
1998,5,19,0.000274416
1998,5,20,1.38E-05
1998,5,21,9.89E-07
1998,5,22,4.11E-07
1998,5,23,2.16E-07
1998,5,24,1.13E-08
1998,5,25,4.64E-07
1998,5,26,0.000158264
1998,5,27,6.71E-05
1998,5,29,3.45E-05
1998,5,30,1.84E-05
1998,5,31,0.000499549
1998,5,33,2.46E-05
1998,5,47,2.29E-05
1998,5,48,6.51E-06
1998,5,49,2.34E-06
1998,5,50,3.35E-05
1998,5,52,7.20E-08
1998,7,47,6.54E-06
1998,8,8,7.83E-07
1998,8,13,0.005449437
1998,8,16,3.07E-05
1998,8,24,2.49E-06
1998,8,27,0.004124808
1998,8,29,9.21E-07
1998,8,47,1.69E-05
1998,8,50,5.39E-05
1998,9,8,0.005292203
1998,9,9,0.008268312
1998,9,10,0.000218008
1998,9,12,5.89E-07
1998,9,13,0.00020534
1998,9,14,0.001174519
1998,9,15,1.24E-05
1998,9,16,0.000353852
1998,9,17,0.03898212
1998,9,18,8.95E-05
1998,9,19,3.43E-05
1998,9,20,0.004499965
1998,9,21,0.000136259
1998,9,22,0.004680511
1998,9,24,0.002217747
1998,9,25,4.90E-06
1998,9,26,0.00599261
1998,9,27,0.001865499
1998,9,28,0.000378526
1998,9,29,2.32E-05
1998,9,30,7.16E-06
1998,9,35,2.64E-05
1998,9,40,1.30E-05
1998,9,42,1.61E-05
1998,9,43,5.48E-05
1998,9,45,1.50E-06
1998,10,6,0.04080676
1998,10,7,0.05737889
1998,10,8,1.04E-05
1998,10,29,9.02E-05
1998,10,43,0.000100899
1998,10,45,0.000294212
1998,11,6,0.05362931
1998,11,7,0.03041929
1998,11,8,0.001058287
1998,11,9,0.000130336
1998,11,10,0.00040017
1998,11,12,2.25E-05
1998,11,15,1.75E-05
1998,11,17,0.01804997
1998,11,24,5.60E-05
1998,11,25,5.15E-06
1998,11,26,0.000932538
1998,11,27,0.000498022
1998,11,28,0.001779431
1998,11,29,0.001828341
1998,11,38,3.58E-06
1998,11,41,4.75E-06
1998,11,42,0.003244145
1998,11,43,0.02119762
1998,11,45,0.0397853
1998,11,47,9.73E-05
1998,12,11,4.43E-06
1998,12,15,1.67E-06
1998,12,41,1.38E-06
1999,1,3,0.01037394
1999,1,8,0.004517331
1999,1,9,0.003374823
1999,1,10,0.06201885
1999,1,11,4.21E-06
1999,1,12,0.01303617
1999,1,13,0.03165608
1999,1,14,0.02653351
1999,1,15,0.002205552
1999,1,16,0.01661135
1999,1,17,0.06232266
1999,1,18,0.02599612
1999,1,19,0.03559512
1999,1,20,0.09126628
1999,1,21,0.00014776
1999,1,22,1.59E-06
1999,1,23,3.59E-06
1999,1,24,0.002204711
1999,1,25,0.000138449
1999,1,26,0.005016372
1999,1,27,0.003089163
1999,1,29,0.009865287
1999,1,30,0.006203456
1999,1,31,0.03059475
1999,1,32,0.03481007
1999,1,33,0.005081844
1999,1,34,0.05391767
1999,1,35,0.001313571
1999,1,36,0.005297933
1999,1,37,0.003216367
1999,1,38,0.00261851
1999,1,39,6.67E-08
1999,1,40,0.04985892
1999,1,42,0.000531118
1999,1,43,3.76E-05
1999,1,46,2.03E-08
1999,1,47,0.001091533
1999,1,49,2.31E-05
1999,1,50,0.00093146
1999,1,52,4.23E-06
1999,2,6,0.003448829
1999,2,8,0.005067933
1999,2,9,4.57E-07
1999,2,10,0.009379697
1999,2,12,1.11E-07
1999,2,13,0.001666146
1999,2,14,4.40E-05
1999,2,15,0.001419761
1999,2,16,3.08E-06
1999,2,17,1.62E-05
1999,2,18,5.60E-05
1999,2,22,6.32E-08
1999,2,24,6.73E-06
1999,2,26,0.00040961
1999,2,27,0.001792651
1999,2,28,6.07E-05
1999,2,29,0.000235522
1999,2,30,0.01281793
1999,2,31,0.00020752
1999,2,37,9.15E-08
1999,2,38,0.000155216
1999,2,40,0.000398504
1999,2,41,0.008727522
1999,2,42,0.000293693
1999,2,43,0.05250622
1999,2,45,6.89E-05
1999,2,47,5.11E-06
1999,2,48,2.43E-06
1999,2,50,1.41E-07
1999,3,6,0.05013834
1999,3,7,0.01088028
1999,3,8,5.64E-05
1999,3,9,1.64E-06
1999,3,13,0.00066073
1999,3,16,1.77E-07
1999,3,17,1.81E-07
1999,3,18,5.12E-05
1999,3,19,0.000267573
1999,3,24,5.27E-06
1999,3,25,5.35E-08
1999,3,26,2.48E-05
1999,3,27,0.002943229
1999,3,28,1.93E-05
1999,3,29,4.43E-05
1999,3,30,0.007567145
1999,3,31,3.62E-07
1999,3,40,0.001054166
1999,3,41,1.31E-06
1999,3,42,3.26E-05
1999,3,43,0.000415398
1999,3,45,0.000100515
1999,3,47,1.79E-07
1999,4,3,0.000718604
1999,4,6,5.66E-07
1999,4,7,0.000145637
1999,4,8,0.001202633
1999,4,9,0.000257704
1999,4,10,4.52E-05
1999,4,12,5.42E-05
1999,4,13,6.09E-05
1999,4,14,0.001503195
1999,4,15,1.09E-05
1999,4,16,0.000534488
1999,4,17,0.00572595
1999,4,18,0.000790886
1999,4,19,0.000658721
1999,4,20,0.000137982
1999,4,21,1.02E-05
1999,4,22,1.64E-05
1999,4,23,3.02E-05
1999,4,24,5.03E-06
1999,4,25,1.98E-06
1999,4,26,5.00E-05
1999,4,27,0.001672568
1999,4,28,0.000285771
1999,4,29,0.006127507
1999,4,40,4.24E-05
1999,4,42,3.15E-05
1999,4,43,0.000815061
1999,4,45,6.90E-06
1999,4,47,9.21E-05
1999,4,48,0.000144092
1999,4,49,1.46E-05
1999,4,50,0.000127024
1999,4,52,3.99E-06
1999,5,3,0.000115735
1999,5,8,6.08E-05
1999,5,9,1.50E-05
1999,5,10,0.0008799
1999,5,12,3.23E-05
1999,5,13,0.001293101
1999,5,14,0.000545105
1999,5,15,2.68E-06
1999,5,16,4.85E-06
1999,5,17,0.000886375
1999,5,18,0.000186364
1999,5,19,0.00045736
1999,5,20,2.31E-05
1999,5,21,1.65E-06
1999,5,22,6.85E-07
1999,5,23,3.59E-07
1999,5,24,1.89E-08
1999,5,25,7.73E-07
1999,5,26,0.000263773
1999,5,27,0.000111816
1999,5,29,5.75E-05
1999,5,30,3.06E-05
1999,5,31,0.000832582
1999,5,33,4.10E-05
1999,5,47,3.82E-05
1999,5,48,1.09E-05
1999,5,49,3.90E-06
1999,5,50,5.58E-05
1999,5,52,1.20E-07
1999,7,47,9.87E-05
1999,8,8,3.31E-07
1999,8,13,0.002303371
1999,8,16,1.30E-05
1999,8,24,1.05E-06
1999,8,27,0.001743475
1999,8,29,3.89E-07
1999,8,47,7.14E-06
1999,8,50,2.28E-05
1999,9,8,0.005162071
1999,9,9,0.008065
1999,9,10,0.000212647
1999,9,12,5.75E-07
1999,9,13,0.000200291
1999,9,14,0.001145638
1999,9,15,1.21E-05
1999,9,16,0.000345151
1999,9,17,0.03802358
1999,9,18,8.73E-05
1999,9,19,3.34E-05
1999,9,20,0.004389315
1999,9,21,0.000132908
1999,9,22,0.004565421
1999,9,24,0.002163214
1999,9,25,4.78E-06
1999,9,26,0.005845256
1999,9,27,0.001819627
1999,9,28,0.000369218
1999,9,29,2.26E-05
1999,9,30,6.99E-06
1999,9,35,2.57E-05
1999,9,40,1.27E-05
1999,9,42,1.57E-05
1999,9,43,5.35E-05
1999,9,45,1.46E-06
1999,10,6,0.02662452
1999,10,7,0.03743707
1999,10,8,6.78E-06
1999,10,29,5.89E-05
1999,10,43,6.58E-05
1999,10,45,0.00019196
1999,11,6,0.05362931
1999,11,7,0.03041929
1999,11,8,0.001058287
1999,11,9,0.000130336
1999,11,10,0.00040017
1999,11,12,2.25E-05
1999,11,15,1.75E-05
1999,11,17,0.01804997
1999,11,24,5.60E-05
1999,11,25,5.15E-06
1999,11,26,0.000932537
1999,11,27,0.000498022
1999,11,28,0.001779431
1999,11,29,0.001828341
1999,11,38,3.58E-06
1999,11,41,4.75E-06
1999,11,42,0.003244145
1999,11,43,0.02119762
1999,11,45,0.0397853
1999,11,47,9.73E-05
1999,12,11,4.43E-06
1999,12,15,1.67E-06
1999,12,41,1.38E-06
2000,1,3,0.01202858
2000,1,8,0.005237841
2000,1,9,0.003913105
2000,1,10,0.0719108
2000,1,11,4.88E-06
2000,1,12,0.01511543
2000,1,13,0.0367052
2000,1,14,0.03076559
2000,1,15,0.002557336
2000,1,16,0.01926085
2000,1,17,0.07226307
2000,1,18,0.03014249
2000,1,19,0.04127252
2000,1,20,0.1058232
2000,1,21,0.000171327
2000,1,22,1.84E-06
2000,1,23,4.17E-06
2000,1,24,0.00255636
2000,1,25,0.000160531
2000,1,26,0.00581648
2000,1,27,0.003581882
2000,1,29,0.01143879
2000,1,30,0.007192903
2000,1,31,0.03547459
2000,1,32,0.04036224
2000,1,33,0.005892394
2000,1,34,0.0625175
2000,1,35,0.001523085
2000,1,36,0.006142951
2000,1,37,0.003729375
2000,1,38,0.00303616
2000,1,39,7.74E-08
2000,1,40,0.05781138
2000,1,42,0.000615831
2000,1,43,4.36E-05
2000,1,46,2.35E-08
2000,1,47,0.001265632
2000,1,49,2.68E-05
2000,1,50,0.001080028
2000,1,52,4.90E-06
2000,2,6,0.003324995
2000,2,8,0.004885962
2000,2,9,4.41E-07
2000,2,10,0.009042905
2000,2,12,1.07E-07
2000,2,13,0.00160632
2000,2,14,4.24E-05
2000,2,15,0.001368783
2000,2,16,2.97E-06
2000,2,17,1.56E-05
2000,2,18,5.40E-05
2000,2,22,6.10E-08
2000,2,24,6.49E-06
2000,2,26,0.000394902
2000,2,27,0.001728283
2000,2,28,5.86E-05
2000,2,29,0.000227065
2000,2,30,0.01235768
2000,2,31,0.000200069
2000,2,37,8.82E-08
2000,2,38,0.000149642
2000,2,40,0.000384195
2000,2,41,0.008414149
2000,2,42,0.000283147
2000,2,43,0.05062092
2000,2,45,6.65E-05
2000,2,47,4.92E-06
2000,2,48,2.34E-06
2000,2,50,1.36E-07
2000,3,6,0.06821852
2000,3,7,0.01480378
2000,3,8,7.68E-05
2000,3,9,2.23E-06
2000,3,13,0.000898993
2000,3,16,2.40E-07
2000,3,17,2.46E-07
2000,3,18,6.97E-05
2000,3,19,0.000364061
2000,3,24,7.16E-06
2000,3,25,7.28E-08
2000,3,26,3.37E-05
2000,3,27,0.004004576
2000,3,28,2.62E-05
2000,3,29,6.03E-05
2000,3,30,0.01029591
2000,3,31,4.93E-07
2000,3,40,0.001434306
2000,3,41,1.78E-06
2000,3,42,4.44E-05
2000,3,43,0.000565193
2000,3,45,0.000136761
2000,3,47,2.44E-07
2000,4,3,0.001182493
2000,4,6,9.32E-07
2000,4,7,0.000239651
2000,4,8,0.001978982
2000,4,9,0.000424062
2000,4,10,7.44E-05
2000,4,12,8.92E-05
2000,4,13,0.000100159
2000,4,14,0.002473568
2000,4,15,1.79E-05
2000,4,16,0.000879522
2000,4,17,0.009422285
2000,4,18,0.001301436
2000,4,19,0.001083953
2000,4,20,0.000227055
2000,4,21,1.68E-05
2000,4,22,2.69E-05
2000,4,23,4.98E-05
2000,4,24,8.28E-06
2000,4,25,3.26E-06
2000,4,26,8.23E-05
2000,4,27,0.002752278
2000,4,28,0.000470248
2000,4,29,0.01008307
2000,4,40,6.97E-05
2000,4,42,5.18E-05
2000,4,43,0.001341216
2000,4,45,1.13E-05
2000,4,47,0.000151556
2000,4,48,0.000237109
2000,4,49,2.39E-05
2000,4,50,0.000209023
2000,4,52,6.56E-06
2000,5,3,0.000154314
2000,5,8,8.11E-05
2000,5,9,2.00E-05
2000,5,10,0.0011732
2000,5,12,4.31E-05
2000,5,13,0.001724135
2000,5,14,0.000726807
2000,5,15,3.57E-06
2000,5,16,6.46E-06
2000,5,17,0.001181833
2000,5,18,0.000248485
2000,5,19,0.000609814
2000,5,20,3.08E-05
2000,5,21,2.20E-06
2000,5,22,9.14E-07
2000,5,23,4.79E-07
2000,5,24,2.52E-08
2000,5,25,1.03E-06
2000,5,26,0.000351698
2000,5,27,0.000149088
2000,5,29,7.67E-05
2000,5,30,4.08E-05
2000,5,31,0.001110109
2000,5,33,5.47E-05
2000,5,47,5.10E-05
2000,5,48,1.45E-05
2000,5,49,5.20E-06
2000,5,50,7.43E-05
2000,5,52,1.60E-07
2000,6,50,0.000446246
2000,7,47,8.40E-05
2000,8,8,7.40E-07
2000,8,13,0.005149812
2000,8,16,2.90E-05
2000,8,24,2.36E-06
2000,8,27,0.003898014
2000,8,29,8.71E-07
2000,8,47,1.60E-05
2000,8,50,5.09E-05
2000,9,8,0.004153416
2000,9,9,0.00648912
2000,9,10,0.000171097
2000,9,12,4.62E-07
2000,9,13,0.000161154
2000,9,14,0.000921783
2000,9,15,9.70E-06
2000,9,16,0.000277709
2000,9,17,0.03059387
2000,9,18,7.03E-05
2000,9,19,2.69E-05
2000,9,20,0.003531654
2000,9,21,0.000106938
2000,9,22,0.00367335
2000,9,24,0.001740528
2000,9,25,3.84E-06
2000,9,26,0.004703108
2000,9,27,0.001464077
2000,9,28,0.000297074
2000,9,29,1.82E-05
2000,9,30,5.62E-06
2000,9,35,2.07E-05
2000,9,40,1.02E-05
2000,9,42,1.26E-05
2000,9,43,4.30E-05
2000,9,45,1.18E-06
2000,10,6,0.02426081
2000,10,7,0.03411343
2000,10,8,6.18E-06
2000,10,29,5.36E-05
2000,10,43,6.00E-05
2000,10,45,0.000174918
2000,11,6,0.05362931
2000,11,7,0.03041929
2000,11,8,0.001058287
2000,11,9,0.000130336
2000,11,10,0.00040017
2000,11,12,2.25E-05
2000,11,15,1.75E-05
2000,11,17,0.01804997
2000,11,24,5.60E-05
2000,11,25,5.15E-06
2000,11,26,0.000932538
2000,11,27,0.000498022
2000,11,28,0.001779431
2000,11,29,0.001828341
2000,11,38,3.58E-06
2000,11,41,4.75E-06
2000,11,42,0.003244145
2000,11,43,0.02119762
2000,11,45,0.0397853
2000,11,47,9.73E-05
2000,12,11,4.43E-06
2000,12,15,1.67E-06
2000,12,41,1.38E-06